hip,hd,bayer,flam,con
88,224834,Tau,,Phe
122,224889,The,,Oct
145,224926,,29,Psc
154,224935,,30,Psc
171,224930,,85,Peg
183,224990,Zet,,Scl
186,224995,,31,Psc
194,225003,,32,Psc
301,225132,,2,Cet
330,225180,,9,Cas
355,225212,,3,Cet
443,28,,33,Psc
476,87,,86,Peg
531,144,,10,Cas
677,358,Alp,21,And
729,448,,87,Peg
746,432,Bet,11,Cas
761,493,Kap-1,,Scl
765,496,Eps,,Phe
813,560,,34,Psc
814,636,Gam-3,,Oct
841,571,,22,And
910,693,,6,Cet
930,720,Kap-2,,Scl
950,739,The,,Scl
1067,886,Gam,88,Peg
1086,905,,23,And
1168,1013,Chi,89,Peg
1170,1038,,7,Cet
1196,1061,,35,Psc
1319,1227,,36,Psc
1340,1243,,37,Psc
1366,1280,The,24,And
1392,1317,,38,Psc
1427,1352,,39,Psc
1473,1404,Sig,25,And
1501,1438,,26,And
1562,1522,Iot,8,Cet
1595,1563,,40,Psc
1599,1581,Zet,,Tuc
1645,1635,,41,Psc
1647,1685,Pi,,Tuc
1686,1671,Rho,27,And
1708,1737,Iot,,Scl
1772,1796,,42,Psc
1803,1835,,9,Cet
1948,2035,,43,Psc
1960,2011,,12,Cas
2006,2114,,44,Psc
2021,2151,Bet,,Hyi
2025,2140,,45,Psc
2072,2262,Kap,,Phe
2081,2261,Alp,,Phe
2100,2273,,10,Cet
2210,2429,Eta,,Scl
2213,2410,,46,Psc
2219,2411,,47,Psc
2224,2436,,48,Psc
2343,2629,,11,Cet
2353,2637,,12,Cet
2355,2628,,28,And
2415,2714,,49,Psc
2472,2834,Lam-1,,Phe
2474,2729,,13,Cas
2484,2884,Bet-1,,Tuc
2487,2885,Bet-2,,Tuc
2505,2772,Lam,14,Cas
2548,2913,,51,Psc
2568,2910,,52,Psc
2578,3003,Bet-3,,Tuc
2599,2905,Kap,15,Cas
2629,3112,The,,Tuc
2707,3038,,16,Cas
2762,3196,,13,Cet
2787,3229,,14,Cet
2802,3302,Lam-2,,Phe
2903,3379,,53,Psc
2912,3369,Pi,29,And
2920,3360,Zet,17,Cas
2994,3512,,15,Cet
3031,3546,Eps,30,And
3092,3627,Del,31,And
3093,3651,,54,Psc
3138,3690,,55,Psc
3179,3712,Alp,18,Cas
3231,3817,,32,And
3245,3919,Mu,,Phe
3277,3980,Xi,,Phe
3300,3901,Xi,19,Cas
3330,4089,Rho,,Tuc
3356,4065,Lam-1,,Scl
3405,4150,Eta,,Phe
3414,4058,Pi,20,Cas
3419,4128,Bet,16,Cet
3455,4188,Phi-1,17,Cet
3456,4211,Lam-2,,Scl
3504,4180,Omi,22,Cas
3559,4307,,18,Cet
3572,4161,,21,Cas
3632,4408,,57,Psc
3675,4482,,58,Psc
3685,4490,,59,Psc
3693,4502,Zet,34,And
3697,4526,,60,Psc
3721,4382,,23,Cas
3730,4568,,61,Psc
3760,4627,,62,Psc
3781,4815,Lam,,Hyi
3786,4656,Del,63,Psc
3801,4636,Nu,25,Cas
3810,4676,,64,Psc
3821,4614,Eta,24,Cas
3881,4727,Nu,35,And
3885,4757,,65,Psc
3909,4813,Phi-2,19,Cet
3949,4919,Rho,,Phe
4084,5190,Lam-1,,Tuc
4147,5112,,20,Cet
4257,5268,,21,Cet
4267,5267,,66,Psc
4288,5286,,36,And
4292,5234,Ups-1,26,Cas
4293,5457,Lam-2,,Tuc
4366,5382,,67,Psc
4371,5437,Phi-3,22,Cet
4422,5395,Ups-2,28,Cas
4427,5394,Gam,27,Cas
4436,5448,Mu,37,And
4463,5516,Eta,38,And
4510,5575,,68,Psc
4577,5737,Alp,,Scl
4587,5722,Phi-4,23,Cet
4770,6055,Xi,,Scl
4829,6192,Ome,,Phe
4832,6077,,70,Psc
4852,6178,Sig,,Scl
4889,6118,Sig,69,Psc
4903,6116,,39,And
4906,6186,Eps,71,Psc
4914,6203,,25,Cet
4979,6288,,26,Cet
5074,6386,,73,Psc
5081,6397,,72,Psc
5121,6482,,27,Cet
5131,6456,Psi-1,74,Psc
5132,6457,Psi-1,74,Psc
5141,6479,,77,Psc
5144,6480,,77,Psc
5165,6595,Bet,,Phe
5164,6530,,28,Cet
5175,6476,,76,Psc
5204,6557,,75,Psc
5268,6793,Iot,,Tuc
5296,6706,,30,Cet
5300,6767,Ups,,Phe
5310,6695,Psi-2,79,Psc
5315,6734,,29,Cet
5317,6658,,41,And
5319,6680,,78,Psc
5336,6582,Mu,30,Cas
5346,6763,,80,Psc
5348,6882,Zet,,Phe
5364,6805,Eta,31,Cet
5434,6811,Phi,42,And
5447,6860,Bet,43,And
5454,6903,Psi-3,81,Psc
5485,6976,,32,Cet
5493,6920,,44,And
5510,7014,,33,Cet
5518,6829,,31,Cas
5542,6961,The,33,Cas
5544,7034,,82,Psc
5550,7019,,45,And
5571,7087,Chi,84,Psc
5586,7106,Tau,83,Psc
5589,6972,,32,Cas
5594,7147,,34,Cet
5646,7218,,35,Cet
5666,7268,,36,Cet
5737,7344,Zet,86,Psc
5742,7318,Phi,85,Psc
5743,7345,Zet,86,Psc
5778,7374,,87,Psc
5799,7439,,37,Cet
5824,7446,,88,Psc
5833,7476,,38,Cet
5862,7570,Nu,,Phe
5896,7788,Kap,,Tuc
5951,7672,,39,Cet
5985,7727,,40,Cet
6048,7812,,41,Cet
6061,7804,,89,Psc
6193,7964,Ups,90,Psc
6226,8036,,42,Cet
6242,7927,Phi,34,Cas
6312,8003,,35,Cas
6315,8126,,91,Psc
6411,8207,Xi,46,And
6429,8335,,43,Cet
6514,8374,,47,And
6527,8442,,92,Psc
6537,8512,The,45,Cet
6539,8511,,44,Cet
6670,8705,,46,Cet
6686,8538,Del,37,Cas
6692,8491,Psi,36,Cas
6706,8723,Rho,93,Psc
6732,8763,,94,Psc
6748,8829,,47,Cet
6813,8799,Ome,48,And
6815,8875,,95,Psc
6867,9053,Gam,,Phe
6915,9024,,96,Psc
6960,9132,,48,Cet
6981,9100,,97,Psc
6999,9057,,49,And
7007,9138,Mu,98,Psc
7078,9021,,38,Cas
7083,9362,Del,,Phe
7097,9270,Eta,99,Psc
7294,9408,Chi,39,Cas
7345,9672,,49,Cet
7364,9656,,100,Psc
7436,9766,,101,Psc
7450,9856,,50,Cet
7463,9906,Tau,,Scl
7513,9826,Ups,50,And
7535,9919,Pi,102,Psc
7588,10144,Alp,,Eri
7607,9927,,51,And
7650,9774,,40,Cas
7709,10113,,103,Psc
7710,10135,,104,Psc
7719,10072,Chi,52,And
7740,10164,,105,Psc
7818,10205,Tau,53,And
7879,10859,Tau-1,,Hyi
7884,10380,Nu,106,Psc
7948,10407,,1,Tri
7955,10537,Pi,,Scl
7965,10221,,43,Cas
7981,10476,,107,Psc
8016,10250,,42,Cas
8046,10425,,44,Cas
8068,10516,Phi,,Per
8102,10700,Tau,52,Cet
8159,10697,,109,Psc
8198,10761,Omi,110,Psc
8209,10830,Eps,,Scl
8366,11604,Tau-2,,Hyi
8387,10982,,4,Ari
8497,11171,Chi,53,Cet
8544,11154,,1,Ari
8645,11353,Zet,55,Cet
8704,11241,,1,Per
8714,11291,,2,Per
8751,11733,Eta-1,,Hyi
8796,11443,Alp,2,Tri
8814,11428,,55,And
8832,11502,Gam-2,5,Ari
8833,11559,Xi,111,Psc
8837,11695,Psi,,Phe
8882,11753,Phi,,Phe
8886,11415,Eps,45,Cas
8903,11636,Bet,6,Ari
8928,11977,Eta-2,,Hyi
8991,12363,Sig,,Hyi
8993,11763,,7,Ari
9007,11937,Chi,,Eri
9009,11529,Ome,46,Cas
9021,11749,,56,And
9061,11930,,56,Cet
9110,11909,Iot,8,Ari
9153,11973,Lam,9,Ari
9165,12020,,58,Cet
9222,11949,,3,Per
9236,12311,Alp,,Hyi
9326,12255,,57,Cet
9347,12274,Ups,59,Cet
9353,12235,,112,Psc
9440,12438,Pi,,For
9459,12524,Chi,,Phe
9480,12111,,48,Cas
9487,12446,Alp,113,Psc
9505,12303,,4,Per
9564,12279,,52,Cas
9570,12471,Eps,3,Tri
9573,12301,,53,Cas
9589,12573,,60,Cet
9598,12216,,50,Cas
9621,12558,,10,Ari
9631,12641,,61,Cet
9640,12533,Gam-1,57,And
9677,12767,Nu,,For
9727,12230,,47,Cas
9763,12339,,49,Cas
9802,12441,,51,Cas
9836,12869,Kap,12,Ari
9859,12885,,11,Ari
9884,12929,Alp,13,Ari
9977,13041,,58,And
10031,12800,,54,Cas
10033,13228,,62,Cet
10053,13174,,14,Ari
10064,13161,Bet,4,Tri
10155,13325,,15,Ari
10176,13294,,59,And
10180,13295,,59,And
10203,13363,,16,Ari
10212,13421,,64,Cet
10220,13372,,5,Tri
10227,13267,,5,Per
10234,13468,,63,Cet
10280,13480,,6,Tri
10305,13612,,66,Cet
10306,13555,Eta,17,Ari
10320,13709,Mu,,For
10324,13611,Xi-1,65,Cet
10328,13596,,19,Ari
10340,13520,,60,And
10418,14141,Pi-1,,Hyi
10438,13474,,55,Cas
10513,14287,Pi-2,,Hyi
10535,13872,,21,Ari
10540,13871,,20,Ari
10559,13869,,7,Tri
10602,14228,Phi,,Eri
10642,14129,,67,Cet
10644,13974,Del,8,Tri
10670,14055,Gam,9,Tri
10718,13982,,8,Per
10729,13994,,7,Per
10732,14191,The,22,Ari
10793,14252,,10,Tri
10810,14305,,23,Ari
10819,14212,,62,And
10826,14386,Omi,68,Cet
10944,14392,,63,And
11001,15008,Del,,Hyi
11021,14652,,69,Cet
11046,14690,,70,Cet
11060,14489,,9,Per
11072,14802,Kap,,For
11095,15248,Kap,,Hyi
11220,14770,,64,And
11249,14951,Xi,24,Ari
11258,15233,Lam,,Hor
11261,15004,,71,Cet
11279,14818,,10,Per
11313,14872,,65,And
11345,15130,Rho,72,Cet
11407,15371,Kap,,Eri
11432,15176,,11,Tri
11465,15138,,66,And
11477,15427,Phi,,For
11484,15318,Xi-2,73,Cet
11486,15257,,12,Tri
11548,15335,,13,Tri
11569,15089,Iot,,Cas
11678,15550,,26,Ari
11698,15596,,27,Ari
11757,16522,Mu,,Hyi
11767,8890,Alp,1,UMi
11783,15798,Sig,76,Cet
11784,15656,,14,Tri
11791,15779,,75,Cet
11843,15814,,29,Ari
11867,15975,Lam-1,,For
11918,16046,Ome,,For
12002,16074,,77,Cet
12048,16141,,79,Cet
12086,16058,,15,Tri
12093,16161,Nu,78,Cet
12107,16212,,80,Cet
12122,16307,Iot-1,,For
12153,16234,,31,Ari
12184,16232,,30,Ari
12186,16417,Lam-2,,For
12189,16246,,30,Ari
12225,16555,Eta,,Hor
12247,16400,,81,Cet
12288,16538,Iot-2,,For
12332,16432,Nu,32,Ari
12387,16582,Del,82,Cet
12390,16620,Eps,83,Cet
12394,16978,Eps,,Hyi
12484,16920,Zet,,Hor
12486,16815,Iot,,Eri
12489,16628,,33,Ari
12530,16765,,84,Cet
12623,16739,,12,Per
12640,16811,Mu,34,Ari
12653,17051,Iot,,Hor
12692,16727,,11,Per
12706,16970,Gam,86,Cet
12719,16908,,35,Ari
12768,16901,,14,Per
12770,17081,Pi,89,Cet
12777,16895,The,13,Per
12784,17017,,36,Ari
12803,17036,Omi,37,Ari
12828,17094,Mu,87,Cet
12832,17093,,38,Ari
12843,17206,Tau-1,1,Eri
12871,17504,Gam,,Hor
12876,17566,Zet,,Hyi
13040,17528,Eta-1,,For
13061,17361,,39,Ari
13108,17459,,40,Ari
13141,17848,Nu,,Hor
13147,17652,Bet,,For
13165,17543,Pi,42,Ari
13197,17713,Gam-1,,For
13202,17729,Gam-2,,For
13209,17573,,41,Ari
13225,17793,Eta-2,,For
13244,18293,Nu,,Hyi
13254,17584,,16,Per
13265,17829,Eta-3,,For
13268,17506,Eta,15,Per
13288,17824,Tau-2,2,Eri
13327,17769,Sig,43,Ari
13328,17709,,17,Per
13473,18149,Psi,,For
13490,17904,,20,Per
13531,17878,Tau,18,Per
13579,18091,Rho-1,44,Ari
13654,18191,Rho-2,45,Ari
13701,18322,Eta,3,Eri
13702,18256,Rho-3,46,Ari
13775,18296,,21,Per
13782,18454,,4,Eri
13834,18404,,47,Ari
13835,18535,,6,Eri
13847,18622,The-1,,Eri
13879,18411,Pi,22,Per
13884,18866,Bet,,Hor
13905,18449,,24,Per
13914,18519,Eps,48,Ari
13942,18692,Zet,,For
13951,18633,,5,Eri
13954,18604,Lam,91,Cet
14021,18654,,50,Ari
14040,18760,,7,Eri
14060,18784,Rho-1,8,Eri
14086,18907,Eps,,For
14109,18769,,49,Ari
14131,19400,The,,Hyi
14135,18884,Alp,92,Cet
14143,18883,,93,Cet
14146,18978,Tau-3,11,Eri
14150,18803,,51,Ari
14168,18953,Rho-2,9,Eri
14240,19319,Mu,,Hor
14293,19107,Rho-3,10,Eri
14328,18925,Gam,23,Per
14354,19058,Rho,25,Per
14376,19134,,52,Ari
14514,19374,,53,Ari
14576,19356,Bet,26,Per
14586,19460,,54,Ari
14632,19373,Iot,,Per
14668,19476,Kap,27,Per
14677,19548,,55,Ari
14817,19656,Ome,28,Per
14838,19787,Del,57,Ari
14879,20010,Alp,,For
14893,19832,,56,Ari
14954,19994,,94,Cet
15110,20150,Zet,58,Ari
15197,20320,Zet,13,Eri
15201,21024,Iot,,Hyi
15244,20395,,14,Eri
15330,20766,Zet-1,,Ret
15338,20315,,30,Per
15371,20807,Zet-2,,Ret
15382,20610,,15,Eri
15383,20559,,95,Cet
15404,20365,,29,Per
15444,20418,,31,Per
15457,20630,Kap-1,96,Cet
15474,20720,Tau-4,16,Eri
15514,20618,,59,Ari
15557,20663,,60,Ari
15619,20791,Kap-2,97,Cet
15627,20756,Tau-1,61,Ari
15648,20677,,32,Per
15696,20825,,62,Ari
15737,20893,Tau-2,63,Ari
15861,21017,,64,Ari
15863,20902,Alp,33,Per
15870,21050,,65,Ari
15900,21120,Omi,1,Tau
15987,21423,Chi-1,,For
16083,21364,Xi,2,Tau
16112,21574,Chi-2,,For
16156,21635,Chi-3,,For
16181,21467,,66,Ari
16244,21428,,34,Per
16245,22001,Kap,,Ret
16322,21686,,4,Tau
16335,21552,Sig,35,Per
16341,21790,,17,Eri
16369,21754,,5,Tau
16499,21770,,36,Per
16511,21933,,6,Tau
16537,22049,Eps,18,Eri
16611,22203,Tau-5,19,Eri
16664,22091,,7,Tau
16803,22470,,20,Eri
16826,22192,Psi,37,Per
16852,22484,,10,Tau
16859,22374,,9,Tau
17007,22789,Tau,,For
17027,22713,,21,Eri
17103,22796,,12,Tau
17167,22920,,22,Eri
17181,22805,,11,Tau
17304,23227,Del,,For
17309,23016,,13,Tau
17313,22951,,40,Per
17358,22928,Del,39,Per
17378,23249,Del,23,Eri
17408,23183,,14,Tau
17440,23817,Bet,,Ret
17448,23180,Omi,38,Per
17457,23363,,24,Eri
17489,23288,,16,Tau
17499,23302,,17,Tau
17506,23413,,25,Eri
17527,23324,,18,Tau
17529,23230,Nu,41,Per
17531,23338,,19,Tau
17563,23466,,29,Tau
17573,23408,,20,Tau
17579,23432,,21,Tau
17588,23441,,22,Tau
17593,23614,Pi,26,Eri
17608,23480,,23,Tau
17618,23738,Sig,,For
17651,23754,Tau-6,27,Eri
17678,24512,Gam,,Hyi
17702,23630,Eta,25,Tau
17717,23878,Tau-7,28,Eri
17738,23940,Rho,,For
17771,23793,,30,Tau
17832,23822,,26,Tau
17847,23850,,27,Tau
17851,23862,,28,Tau
17886,23848,,42,Per
17959,23401,Gam,,Cam
18089,24263,,31,Tau
18122,24371,,29,Eri
18141,24388,,30,Eri
18216,24587,Tau-8,33,Eri
18246,24398,Zet,44,Per
18255,24554,,32,Eri
18453,24546,,43,Per
18471,24740,,32,Tau
18485,24769,,33,Tau
18532,24760,Eps,45,Per
18543,25025,Gam,34,Eri
18597,25422,Del,,Ret
18614,24912,Xi,46,Per
18673,25267,Tau-9,36,Eri
18724,25204,Lam,35,Tau
18744,25705,Gam,,Ret
18772,25728,Iot,,Ret
18788,25340,,35,Eri
18907,25490,Nu,38,Tau
18957,25558,,40,Tau
19009,25555,,36,Tau
19038,25604,,37,Tau
19076,25680,,39,Tau
19167,25642,Lam,47,Per
19171,25823,,41,Tau
19205,25867,Psi,42,Tau
19302,25975,,49,Per
19335,25998,,50,Per
19343,25940,,48,Per
19388,26162,Ome-1,43,Tau
19483,26409,,37,Eri
19513,26322,,44,Tau
19515,26612,Del,,Hor
19554,26462,,45,Tau
19587,26574,Omi-1,38,Eri
19719,26690,,46,Tau
19740,26722,,47,Tau
19747,26967,Alp,,Hor
19777,26846,,39,Eri
19780,27256,Alp,,Ret
19811,26673,,52,Per
19812,26630,Mu,51,Per
19849,26965,Omi-2,40,Eri
19860,26912,Mu,49,Tau
19877,26911,,48,Tau
19893,27290,Gam,,Dor
19921,27442,Eps,,Ret
19990,27045,Ome-2,50,Tau
20020,27657,The,,Ret
20042,27376,Ups-4,41,Eri
20049,28525,Del,,Men
20087,27176,,51,Tau
20171,27295,,53,Tau
20186,27309,,56,Tau
20205,27371,Gam,54,Tau
20215,27383,,55,Tau
20219,27397,,57,Tau
20250,27382,Phi,52,Tau
20252,27348,,54,Per
20261,27459,,58,Tau
20297,29116,Nu,,Men
20354,27396,,53,Per
20384,28093,Eta,,Ret
20400,27628,,60,Tau
20430,27638,Chi,59,Tau
20455,27697,Del-1,61,Tau
20484,27749,,63,Tau
20507,27861,Xi,42,Eri
20522,27820,,66,Tau
20533,27778,,62,Tau
20535,28028,,43,Eri
20542,27819,Del-2,64,Tau
20579,27777,,55,Per
20591,27786,,56,Per
20635,27934,Kap-1,65,Tau
20641,27946,Kap-2,67,Tau
20648,27962,Del-3,68,Tau
20661,27991,,70,Tau
20711,28024,Ups,69,Tau
20713,28052,,71,Tau
20732,28100,Pi,73,Tau
20789,28149,,72,Tau
20873,28294,,76,Tau
20877,28292,,75,Tau
20885,28307,The-1,77,Tau
20889,28305,Eps,74,Tau
20894,28319,The-2,78,Tau
20901,28355,,79,Tau
20995,28485,,80,Tau
21036,28556,,83,Tau
21039,28546,,81,Tau
21060,28873,Del,,Cae
21082,28595,,84,Tau
21137,28677,,85,Tau
21139,28749,,45,Eri
21148,28446,,1,Cam
21242,28704,,57,Per
21248,29085,Ups-1,50,Eri
21273,28910,Rho,86,Tau
21278,29009,,46,Eri
21281,29305,Alp,,Dor
21296,29064,,47,Eri
21393,29291,Ups-2,52,Eri
21402,29140,,88,Tau
21421,29139,Alp,87,Tau
21444,29248,Nu,48,Eri
21476,29094,,58,Per
21547,29391,,51,Eri
21588,29375,,89,Tau
21589,29388,,90,Tau
21594,29503,,53,Eri
21673,29479,Sig-1,91,Tau
21683,29488,Sig-2,92,Tau
21727,29317,,3,Cam
21730,29316,,2,Cam
21735,29589,,93,Tau
21763,29755,,54,Eri
21770,29875,Alp,,Cae
21861,29992,Bet,,Cae
21881,29763,Tau,94,Tau
21914,30185,Lam,,Pic
21928,29722,,59,Per
21949,30612,Mu,,Men
21961,29859,,95,Tau
21986,30020,,55,Eri
22024,30076,,56,Eri
22040,30478,Kap,,Dor
22109,30211,Mu,57,Eri
22263,30495,,58,Eri
22280,30608,Zet,,Cae
22287,30121,,4,Cam
22325,30606,,59,Eri
22441,30605,,96,Tau
22449,30652,Pi-3,1,Ori
22479,30814,,60,Eri
22509,30739,Pi-2,2,Ori
22531,31203,Iot,,Pic
22534,31204,Iot,,Pic
22549,30836,Pi-4,3,Ori
22565,30780,,97,Tau
22667,30959,Omi-1,4,Ori
22678,30834,,2,Aur
22701,31109,Ome,61,Eri
22730,31139,,5,Ori
22783,30614,Alp,9,Cam
22797,31237,Pi-5,8,Ori
22833,31283,,6,Ori
22845,31295,Pi-1,7,Ori
22854,30958,,5,Cam
22871,32440,Eta,,Men
22957,31421,Omi-2,9,Ori
22958,31512,,62,Eri
22994,31189,,6,Cam
23015,31398,Iot,3,Aur
23040,31278,,7,Cam
23068,31553,,99,Tau
23088,31592,,98,Tau
23123,31767,Pi-6,10,Ori
23148,34172,Xi,,Men
23179,31647,Ome,4,Aur
23214,31845,,101,Tau
23216,31579,,8,Cam
23221,32008,,63,Eri
23231,32045,,64,Eri
23261,31761,,5,Aur
23268,31780,,6,Aur
23364,32249,Psi,65,Eri
23416,31964,Eps,7,Aur
23453,32068,Zet,8,Aur
23467,33285,Bet,,Men
23474,32503,,1,Lep
23482,32743,Eta-1,,Pic
23497,32301,Iot,102,Tau
23522,31910,Bet,10,Cam
23595,32831,Gam-1,,Cae
23596,32846,Gam-2,,Cae
23607,32549,,11,Ori
23649,33042,Eta-2,,Pic
23685,32887,Eps,2,Lep
23693,33262,Zet,,Dor
23734,32343,,11,Cam
23743,32357,,12,Cam
23767,32630,Eta,10,Aur
23783,32537,,9,Aur
23794,32964,,66,Eri
23835,32923,,104,Tau
23852,33021,,13,Ori
23871,32977,,106,Tau
23875,33111,Bet,67,Eri
23879,33054,,14,Ori
23883,32991,,105,Tau
23900,32990,,103,Tau
23941,33256,,68,Eri
23949,33121,,107,Tau
23972,33328,Lam,69,Eri
23983,33254,,16,Ori
24010,33276,,15,Ori
24244,33802,Iot,3,Lep
24305,33904,Mu,5,Lep
24327,33949,Kap,4,Lep
24331,33856,Rho,17,Ori
24340,33641,Mu,11,Aur
24348,33296,,14,Cam
24372,34649,The,,Dor
24436,34085,Bet,19,Ori
24504,33959,,14,Aur
24512,34053,,108,Tau
24555,34203,,18,Ori
24608,34029,Alp,13,Aur
24659,34642,Omi,,Col
24674,34503,Tau,20,Ori
24727,34334,,16,Aur
24740,34364,,17,Aur
24813,34411,Lam,15,Aur
24817,34658,,21,Ori
24822,34559,,109,Tau
24829,35072,Zet,,Pic
24832,34499,,18,Aur
24836,34233,,15,Cam
24845,34816,Lam,6,Lep
24873,34863,Nu,7,Lep
24879,34578,,19,Aur
25044,35039,,22,Ori
25048,34759,Rho,20,Aur
25098,35580,Kap,,Pic
25142,35149,,23,Ori
25192,35076,,22,Aur
25197,34787,,16,Cam
25202,35337,,8,Lep
25216,35189,,110,Tau
25247,35369,,29,Ori
25278,35296,,111,Tau
25281,35411,Eta,28,Ori
25282,35410,,27,Ori
25292,35186,Sig,21,Aur
25302,35439,Psi-1,25,Ori
25303,35860,The,,Pic
25336,35468,Gam,24,Ori
25410,35532,,113,Tau
25428,35497,Bet,112,Tau
25429,36189,Lam,,Dor
25473,35715,Psi-2,30,Ori
25499,35671,,115,Tau
25539,35708,,114,Tau
25541,35620,Phi,24,Aur
25555,35770,,116,Tau
25583,35802,,117,Tau
25606,36079,Bet,9,Lep
25695,35943,,118,Tau
25737,36167,,31,Ori
25769,35583,,17,Cam
25813,36267,,32,Ori
25853,36473,,10,Lep
25859,36597,Eps,,Col
25861,36351,,33,Ori
25918,37763,Gam,,Men
25923,36512,Ups,36,Ori
25930,36486,Del,34,Ori
25945,36389,,119,Tau
25973,36066,,18,Cam
25984,36371,Chi,25,Aur
25985,36673,Alp,11,Lep
26064,36576,,120,Tau
26069,37350,Bet,,Dor
26093,36653,,35,Ori
26126,36777,,38,Ori
26176,36822,Phi-1,37,Ori
26207,36861,Lam,39,Ori
26220,37020,The-1,41,Ori
26221,37022,The-1,41,Ori
26224,37023,The-1,41,Ori
26235,37041,The-2,43,Ori
26237,37018,,42,Ori
26241,37043,Iot,44,Ori
26248,36819,,121,Tau
26264,38602,Iot,,Men
26268,37077,,45,Ori
26311,37128,Eps,46,Ori
26366,37160,Phi-2,40,Ori
26382,37147,,122,Tau
26394,39091,Pi,,Men
26408,36570,,19,Cam
26412,37430,Nu-1,,Col
26426,36770,,20,Cam
26451,37202,Zet,123,Tau
26460,37495,Nu-2,,Col
26536,37269,,26,Aur
26549,37468,Sig,48,Ori
26563,37507,,49,Ori
26587,37070,,22,Cam
26594,37490,Ome,47,Ori
26634,37795,Alp,,Col
26640,37438,,125,Tau
26700,37136,,21,Cam
26727,37742,Zet,50,Ori
26777,37711,,126,Tau
26865,38090,,12,Lep
26885,37984,,51,Ori
26925,37940,,127,Tau
26942,37601,,24,Cam
27046,37638,,23,Cam
27072,38393,Gam,13,Lep
27100,39014,Del,,Dor
27106,38219,,128,Tau
27196,38104,Omi,27,Aur
27204,38666,Mu,,Col
27249,38091,,26,Cam
27265,38478,,129,Tau
27283,38129,,28,Cam
27288,38678,Zet,14,Lep
27316,38545,,131,Tau
27321,39060,Bet,,Pic
27338,38558,,130,Tau
27364,38622,,133,Tau
27366,38771,Kap,53,Ori
27369,39810,Lam,,Men
27386,38710,,52,Ori
27458,38604,,28,Aur
27468,38751,,132,Tau
27483,38656,Tau,29,Aur
27511,38899,,134,Tau
27530,39523,Gam,,Pic
27534,39844,Eps,,Dor
27566,40953,Kap,,Men
27581,39019,,135,Tau
27592,38618,,29,Cam
27628,39425,Bet,,Col
27639,38944,Ups,31,Aur
27654,39364,Del,15,Lep
27658,39291,,55,Ori
27673,39003,Nu,32,Aur
27731,38831,,30,Cam
27743,39317,,137,Tau
27750,39400,,56,Ori
27810,39764,Lam,,Col
27830,39357,,136,Tau
27913,39587,Chi-1,54,Ori
27949,39283,Xi,30,Aur
27965,39698,,57,Ori
27971,39220,,31,Cam
27989,39801,Alp,58,Ori
28010,40176,Xi,,Col
28098,40248,Sig,,Col
28103,40136,Eta,16,Lep
28199,40494,Gam,,Col
28237,40111,,139,Tau
28271,40372,,59,Ori
28296,40446,,60,Ori
28321,40535,,1,Mon
28325,40536,,2,Mon
28328,40808,Eta,,Col
28358,40035,Del,33,Aur
28360,40183,Bet,34,Aur
28380,40312,The,37,Aur
28404,40239,Pi,35,Aur
28455,40545,,140,Tau
28499,40394,,36,Aur
28574,40967,,3,Mon
28614,40932,Mu,61,Ori
28677,40801,,38,Aur
28691,41040,,64,Ori
28716,41117,Chi-2,62,Ori
28734,41116,,1,Gem
28812,41361,,63,Ori
28814,41380,,66,Ori
28816,41511,,17,Lep
28823,41074,,39,Aur
28910,41695,The,18,Lep
28909,42525,Eta-1,,Dor
28946,41357,,40,Aur
28957,42078,Pi-1,,Col
28969,41543,,2,Gem
29034,42167,The,,Col
29038,41753,Nu,67,Ori
29048,42042,,19,Lep
29064,42303,Pi-2,,Col
29134,43107,Nu,,Dor
29225,42087,,3,Gem
29246,41597,,37,Cam
29271,43834,Alp,,Men
29276,42933,Del,,Pic
29288,42216,,4,Gem
29315,41783,,38,Cam
29348,41782,,39,Cam
29353,43455,Eta-2,,Dor
29379,42398,,5,Gem
29388,42126,,41,Aur
29426,42560,Xi,70,Ori
29433,42509,,68,Ori
29434,42545,,69,Ori
29450,42543,,6,Gem
29490,41927,,36,Cam
29650,43042,,71,Ori
29651,43232,Gam,5,Mon
29655,42995,Eta,7,Gem
29696,43039,Kap,44,Aur
29704,43153,,72,Ori
29730,42633,,40,Cam
29736,43247,,73,Ori
29789,43261,,8,Gem
29800,43386,,74,Ori
29807,43785,Kap,,Col
29840,43384,,9,Gem
29850,43525,,75,Ori
29884,43244,,42,Aur
29885,43760,,6,Mon
29919,42973,,1,Lyn
29949,43380,,43,Aur
30003,43740,,10,Gem
30046,43818,,11,Gem
30049,43836,,12,Gem
30060,43378,,2,Lyn
30073,44112,,7,Mon
30122,44402,Zet,1,CMa
30247,43905,,45,Aur
30272,43812,,4,Lyn
30277,44762,Del,,Col
30278,43749,,3,Lyn
30321,45669,Pi-1,,Dor
30324,44743,Bet,2,CMa
30342,45229,Nu,,Pic
30343,44478,Mu,13,Gem
30419,44769,Eps,8,Mon
30438,45348,Alp,,Car
30520,44537,Psi-1,46,Aur
30565,46116,Pi-2,,Dor
30588,44974,,14,Gem
30679,44708,,5,Lyn
30700,45418,,9,Mon
30757,45352,,15,Gem
30769,45394,,16,Gem
30772,45546,,10,Mon
30788,45813,Lam,,CMa
30827,45412,,48,Aur
30867,45725,Bet,11,Mon
30883,45542,Nu,18,Gem
30972,45466,,47,Aur
31039,45410,,6,Lyn
31105,46031,,19,Gem
31125,46328,Xi-1,4,CMa
31137,46860,Mu,,Pic
31158,46136,,20,Gem
31159,46241,,12,Mon
31216,46300,,13,Mon
31359,46101,,7,Lyn
31368,46516,,22,Gem
31385,46642,,14,Mon
31416,46933,Xi-2,5,CMa
31434,46553,,49,Aur
31525,46781,,23,Gem
31526,46318,,9,Lyn
31564,47138,Nu-1,6,CMa
31592,47205,Nu-2,7,CMa
31665,46590,,11,Lyn
31676,46480,,8,Lyn
31681,47105,Gam,24,Gem
31685,47670,Nu,,Pup
31700,47442,Nu-3,8,CMa
31737,47152,,53,Aur
31763,46635,,10,Lyn
31771,47070,,51,Aur
31789,47100,Psi-3,52,Aur
31832,47174,Psi-2,50,Aur
31852,47395,,54,Aur
31897,50506,Zet,,Men
31944,47005,,41,Cam
31978,47839,,15,Mon
32019,47731,,25,Gem
32104,48097,,26,Gem
32173,47914,Psi-4,55,Aur
32246,48329,Eps,27,Gem
32249,48433,,30,Gem
32292,48917,,10,CMa
32311,48450,,28,Gem
32349,48915,Alp,9,CMa
32362,48737,Xi,31,Gem
32404,48843,,32,Gem
32438,48250,,12,Lyn
32463,48977,,16,Mon
32480,48682,Psi-5,56,Aur
32489,48432,,13,Lyn
32492,49229,,11,CMa
32504,49333,,12,CMa
32533,49161,,17,Mon
32562,48781,Psi-6,57,Aur
32578,49293,,18,Mon
32607,50241,Alp,,Pic
32753,49606,,33,Gem
32759,50013,Kap,13,CMa
32768,50310,Tau,,Pup
32814,49738,,35,Gem
32844,49520,Psi-7,58,Aur
32864,48879,,42,Cam
32912,51557,Iot,,Vol
32921,49908,,36,Gem
33018,50019,The,34,Gem
33041,50018,,59,Aur
33048,49618,,14,Lyn
33064,50037,,60,Aur
33092,50707,,15,CMa
33104,49340,,43,Cam
33133,50204,Psi-8,61,Aur
33152,50877,Omi-1,16,CMa
33160,50778,The,14,CMa
33202,50635,,38,Gem
33248,51055,,17,CMa
33277,50692,,37,Gem
33302,51199,Pi,19,CMa
33345,51250,Mu,18,CMa
33347,51309,Iot,20,CMa
33377,50658,Psi-9,,Aur
33384,54239,The,,Men
33449,50522,,15,Lyn
33485,50973,,16,Lyn
33579,52089,Eps,21,CMa
33595,51530,,39,Gem
33614,51440,,62,Aur
33650,51688,,40,Gem
33715,52005,,41,Gem
33856,52877,Sig,22,CMa
33927,52497,Ome,42,Gem
33971,52918,,19,Mon
33977,53138,Omi-2,24,CMa
34045,53244,Gam,23,CMa
34088,52973,Zet,43,Gem
34182,53257,,44,Gem
34440,54131,,45,Gem
34444,54605,Del,25,CMa
34473,55864,Gam-1,,Vol
34481,55865,Gam-2,,Vol
34572,53633,,17,Lyn
34622,54810,,20,Mon
34693,54719,Tau,46,Gem
34722,54801,,47,Gem
34724,55057,,21,Mon
34752,54716,,63,Aur
34769,55185,Del,22,Mon
34798,55522,,26,CMa
34819,55052,,48,Gem
34861,55156,,49,Gem
34904,55533,,23,Mon
34909,55383,,51,Gem
34981,56014,,27,CMa
35025,55621,,52,Gem
35037,56139,Ome,28,CMa
35080,56003,,24,Mon
35146,55280,,18,Lyn
35152,55870,,53,Gem
35228,57623,Del,,Vol
35264,56855,Pi,,Pup
35341,56221,,64,Aur
35350,56537,Lam,54,Gem
35412,57060,,29,CMa
35415,57061,Tau,30,CMa
35550,56986,Del,55,Gem
35699,57423,,56,Gem
35710,57264,,65,Aur
35731,57066,,20,Lyn
35735,56820,,47,Cam
35783,57102,,19,Lyn
35785,57103,,19,Lyn
35842,57744,,58,Gem
35846,57727,,57,Gem
35904,58350,Eta,31,CMa
35907,57669,,66,Aur
35941,57927,,59,Gem
35987,58187,,1,CMi
36039,60816,Eps,,Men
36041,58367,Eps,2,CMi
36046,58207,Iot,60,Gem
36145,58142,,21,Lyn
36156,58579,,61,Gem
36188,58715,Bet,3,CMi
36238,58728,,63,Gem
36265,58923,Eta,5,CMi
36284,58972,Gam,4,CMi
36366,58946,Rho,62,Gem
36377,59717,Sig,,Pup
36393,59037,,64,Gem
36425,59294,,6,CMi
36429,59148,,65,Gem
36439,58855,,22,Lyn
36641,59881,Del-1,7,CMi
36723,60111,Del-2,8,CMi
36739,60081,,67,Gem
36760,60107,,68,Gem
36812,60357,Del-3,9,CMi
36850,60179,Alp,66,Gem
36962,60522,Ups,69,Gem
37088,61064,,25,Mon
37204,60986,,70,Gem
37265,61110,Omi,71,Gem
37279,61421,Alp,10,CMi
37300,61338,,74,Gem
37406,61106,,23,Lyn
37447,61935,Alp,26,Mon
37504,63295,Zet,,Vol
37609,61497,,24,Lyn
37629,62044,Sig,75,Gem
37648,62576,,1,Pup
37677,62623,,3,Pup
37704,62285,,76,Gem
37740,62345,Kap,77,Gem
37811,62510,,79,Gem
37826,62509,Bet,78,Gem
37842,62863,,2,Pup
37843,62864,,2,Pup
37891,62952,,4,Pup
37908,62721,,81,Gem
37921,62832,,11,CMi
37934,62140,,49,Cam
37949,62066,,51,Cam
38016,62898,Pi,80,Gem
38048,63336,,5,Pup
38070,63462,Omi,,Pup
38106,63208,,82,Gem
38170,63700,Xi,7,Pup
38211,63697,,6,Pup
38372,64077,,8,Pup
38373,63975,Zet,13,CMi
38382,64096,,9,Pup
38427,64238,,10,Pup
38495,64092,,84,Gem
38538,64145,Phi,83,Gem
38623,64106,,25,Lyn
38639,64144,,26,Lyn
38722,64648,,85,Gem
38827,65575,Chi,,Car
38835,65228,,11,Pup
38848,64960,,1,Cnc
38962,65345,,14,CMi
39023,65699,,12,Pup
39079,65695,,27,Mon
39177,65759,,3,Cnc
39191,65714,Ome-1,2,Cnc
39211,65953,,28,Mon
39236,65873,,5,Cnc
39261,65339,,53,Cam
39263,65856,Ome-2,4,Cnc
39424,66216,Chi,,Gem
39429,66811,Zet,,Pup
39447,66347,,7,Cnc
39524,66834,,14,Pup
39567,66664,,8,Cnc
39659,66875,Mu-1,9,Cnc
39722,66824,,28,Lyn
39757,67523,Rho,15,Pup
39780,67228,Mu-2,10,Cnc
39794,68520,Eps,,Vol
39847,67006,,27,Lyn
39863,67594,Zet,29,Mon
39874,67483,,12,Cnc
39888,67402,,11,Cnc
39906,67797,,16,Pup
39953,68273,Gam-2,,Vel
40007,67690,,13,Cnc
40023,67767,Psi,14,Cnc
40035,68146,,18,Pup
40084,68290,,19,Pup
40167,68255,Zet-2,16,Cnc
40240,68351,,15,Cnc
40259,68752,,20,Pup
40526,69267,Bet,17,Cnc
40604,69665,,21,Pup
40646,68930,,29,Lyn
40702,71243,Alp,,Cha
40817,71046,Kap-1,,Vol
40834,71066,Kap-2,,Vol
40843,69897,Chi,18,Cnc
40875,69548,,30,Lyn
40881,70011,Lam,19,Cnc
40888,71701,The,,Cha
41003,71576,Eta,,Vol
41037,71129,Eps,,Car
41067,70673,,22,Pup
41075,70272,,31,Lyn
41117,70569,,20,Cnc
41163,70734,,21,Cnc
41211,70958,,1,Hya
41312,71878,Bet,,Vol
41319,71030,,25,Cnc
41375,71297,,2,Hya
41377,71093,Phi-1,22,Cnc
41389,71152,,24,Cnc
41400,71250,,27,Cnc
41404,71150,Phi-2,23,Cnc
41574,71496,,28,Cnc
41578,71555,,29,Cnc
41704,71369,Omi,1,UMa
41816,72041,Ups-1,30,Cnc
41822,72094,The,31,Cnc
41904,72359,,34,Cnc
41909,72292,Eta,33,Cnc
41940,72324,Ups-2,32,Cnc
41975,72291,,32,Lyn
42080,72037,,2,UMa
42090,72524,,33,Lyn
42133,72779,,35,Cnc
42146,72968,,3,Hya
42265,73143,,36,Cnc
42313,73262,Del,4,Hya
42334,73495,Eta,,Pyx
42353,73316,,37,Cnc
42402,73471,Sig,5,Hya
42425,74405,The,,Vol
42438,72905,Pi-1,3,UMa
42483,73898,Zet,,Pyx
42485,73575,,38,Cnc
42509,73840,,6,Hya
42515,74006,Bet,,Pyx
42516,73665,,39,Cnc
42523,73666,,40,Cnc
42527,73108,Pi-2,4,UMa
42536,74195,Omi,,Vel
42556,73731,Eps,41,Cnc
42578,73785,,42,Cnc
42604,73593,,34,Lyn
42637,75416,Eta,,Cha
42662,74137,,9,Hya
42791,74200,,44,Cnc
42795,74228,,45,Cnc
42799,74280,Eta,7,Hya
42806,74198,Gam,43,Cnc
42828,74575,Alp,,Pyx
42911,74442,Del,47,Cnc
42913,74956,Del,,Vel
42917,74521,,49,Cnc
42931,74591,,10,Hya
42954,74485,,46,Cnc
43067,74918,,12,Hya
43100,74738,Iot,48,Cnc
43103,74739,Iot,48,Cnc
43109,74874,Eps,11,Hya
43121,74873,,50,Cnc
43234,75137,Rho,13,Hya
43305,75333,,14,Hya
43409,75691,Gam,,Pyx
43454,75528,,54,Cnc
43463,75558,,52,Cnc
43496,75737,,15,Hya
43531,75506,,35,Lyn
43575,75716,,53,Cnc
43584,75698,Sig-1,51,Cnc
43587,75732,Rho-1,55,Cnc
43644,75486,,5,UMa
43721,75959,,57,Cnc
43813,76294,Zet,16,Hya
43822,76369,,17,Hya
43825,76483,Del,,Pyx
43834,76219,Rho-2,58,Cnc
43851,76351,,60,Cnc
43903,75958,,6,UMa
43908,79837,Zet,,Oct
43932,76398,Sig-2,59,Cnc
43970,76543,Omi-1,62,Cnc
44001,76582,Omi-2,63,Cnc
44031,76572,,61,Cnc
44066,76756,Alp,65,Cnc
44127,76644,Iot,9,UMa
44154,76813,Sig-3,64,Cnc
44307,77104,,66,Cnc
44336,77230,,68,Cnc
44342,77190,,67,Cnc
44382,78045,Alp,,Vol
44390,76827,Rho,8,UMa
44405,77350,Nu,69,Cnc
44471,77327,Kap,12,UMa
44512,77557,,70,Cnc
44637,77892,,71,Cnc
44659,77996,Ome,18,Hya
44798,78316,Kap,76,Cnc
44816,78647,Lam,,Vel
44818,78235,Tau,72,Cnc
44824,78541,Kap,,Pyx
44857,77800,Sig-1,11,UMa
44883,78556,,19,Hya
44892,78418,,75,Cnc
44901,78209,,15,UMa
44918,78479,,78,Cnc
44946,78515,Xi,77,Cnc
44961,78732,,20,Hya
45001,78922,Eps,,Pyx
45033,78715,,79,Cnc
45038,78154,Sig-2,13,UMa
45075,78362,Tau,14,UMa
45153,79009,,80,Cnc
45170,79096,Pi-1,81,Cnc
45184,79193,,21,Hya
45238,80007,Bet,,Car
45290,79158,,36,Lyn
45333,79028,,16,UMa
45336,79469,The,22,Hya
45410,79554,Pi-2,82,Cnc
45455,79354,,17,UMa
45493,79439,,18,UMa
45526,79931,,24,Hya
45527,79910,,23,Hya
45556,80404,Iot,,Car
45588,80105,,25,Hya
45688,80081,,38,Lyn
45699,80218,,83,Cnc
45751,80499,,26,Hya
45811,80586,,27,Hya
45812,80130,,20,UMa
45860,80493,Alp,40,Lyn
45902,80874,The,,Pyx
45941,81188,Kap,,Vel
46026,81169,Lam,,Pyx
46107,82554,Iot,,Cha
46146,81146,Kap,1,Leo
46221,81420,,28,Hya
46239,81104,,21,UMa
46365,81728,,29,Hya
46390,81797,Alp,30,Hya
46454,81858,Ome,2,Leo
46457,81873,,3,Leo
46509,81997,Tau-1,31,Hya
46515,82150,Eps,,Ant
46651,82434,Psi,,Vel
46652,82087,,7,LMi
46657,82383,Zet-1,,Ant
46733,81937,,23,UMa
46734,82513,Zet-2,,Ant
46735,82198,,8,LMi
46750,82308,Lam,4,Leo
46771,82395,Xi,5,Leo
46774,82381,,6,Leo
46776,82446,Tau-2,32,Hya
46853,82328,The,25,UMa
46904,82522,,9,LMi
46928,83979,Zet,,Cha
46952,82635,,10,LMi
46977,82210,,24,UMa
46982,82870,,33,Hya
47006,82621,,26,UMa
47013,82189,,22,UMa
47080,82885,,11,LMi
47096,83023,,7,Leo
47189,83189,,8,Leo
47205,83240,,10,Leo
47247,83273,,9,Leo
47249,83373,,34,Hya
47266,83343,,11,Leo
47300,83287,,42,Lyn
47382,83469,,12,Leo
47427,83650,,37,Hya
47431,83618,Iot,35,Hya
47452,83754,Kap,38,Hya
47508,83808,Omi,14,Leo
47550,83821,,13,Leo
47570,83805,,43,Lyn
47631,83951,,13,LMi
47654,83506,,27,UMa
47701,84107,,15,Leo
47723,84194,Psi,16,Leo
47758,84367,The,,Ant
47908,84441,Eps,17,Leo
47911,84179,,28,UMa
47956,85396,Nu,,Cha
47959,84561,,18,Leo
48002,85123,Ups,,Car
48029,84722,,19,Leo
48087,84882,,3,Sex
48218,85040,,20,Leo
48256,85029,,16,LMi
48273,85217,,4,Sex
48286,85294,,5,Sex
48298,85259,,21,Leo
48319,84999,Ups,29,UMa
48324,85268,,23,Leo
48341,85364,,6,Sex
48356,85444,Ups-1,39,Hya
48390,85376,,22,Leo
48402,85235,Phi,30,UMa
48414,85504,,7,Sex
48428,85373,,17,LMi
48437,85558,Gam,8,Sex
48455,85503,Mu,24,Leo
48552,85762,,8,Sex
48682,85795,,31,UMa
48774,86440,Phi,,Vel
48833,86146,,19,LMi
48881,86359,,26,Leo
48883,86360,Nu,27,Leo
48926,86629,Eta,,Ant
48990,86611,,12,Sex
49029,86663,Pi,29,Leo
49065,87971,Mu-1,,Cha
49081,86728,,20,LMi
49326,88351,Mu-2,,Cha
49329,87301,,13,Sex
49402,87504,Ups-2,40,Hya
49530,87682,,14,Sex
49583,87737,Eta,30,Leo
49593,87696,,21,LMi
49637,87837,,31,Leo
49641,87887,Alp,15,Sex
49669,87901,Alp,32,Leo
49739,88048,,16,Sex
49812,88195,,17,Sex
49841,88284,Lam,41,Hya
49850,88233,,33,Leo
49865,88333,,18,Sex
49929,88355,,34,Leo
50027,88547,,19,Sex
50099,89080,Ome,,Car
50100,88697,,20,Sex
50140,88764,,21,Sex
50218,88786,,22,LMi
50303,88960,,23,LMi
50316,88986,,24,LMi
50319,89010,,35,Leo
50333,89056,,37,Leo
50335,89025,Zet,36,Leo
50372,89021,Lam,33,UMa
50384,89125,,39,Leo
50414,89254,Eps,22,Sex
50448,88983,,32,UMa
50564,89449,,40,Leo
50583,89484,Gam-1,41,Leo
50684,89688,,23,Sex
50755,89774,,42,Leo
50801,89758,Mu,34,UMa
50851,89962,,43,Leo
50857,89892,,26,LMi
50860,89904,,27,LMi
50885,90044,,25,Sex
50887,90043,,24,Sex
50935,90040,,28,LMi
51008,90254,,44,Leo
51047,90250,,29,LMi
51056,90277,,30,LMi
51069,90432,Mu,42,Hya
51117,90473,,26,Sex
51135,90485,,27,Sex
51172,90610,Alp,,Ant
51213,90569,,45,Leo
51233,90537,Bet,31,LMi
51362,90882,Del,29,Sex
51376,90972,Del,,Ant
51401,90633,,35,UMa
51420,90840,,32,LMi
51437,90994,Bet,30,Sex
51451,91011,,31,Sex
51459,90839,,36,UMa
51556,91130,,33,LMi
51585,91232,,46,Leo
51592,91256,,32,Sex
51614,91369,Phi-1,43,Hya
51624,91316,Rho,47,Leo
51685,91365,,34,LMi
51718,91550,,44,Hya
51775,91612,,48,Leo
51802,91636,,49,Leo
51814,91480,,37,UMa
51839,92305,Gam,,Cha
51905,91880,Phi-2,,Hya
51914,91752,,35,LMi
52032,92000,,36,LMi
52085,92214,Phi-3,,Hya
52098,92125,,37,LMi
52120,92196,,50,Leo
52139,92168,,38,LMi
52240,92371,,39,LMi
52316,92588,,33,Sex
52353,92424,,38,UMa
52401,92749,,34,Sex
52419,93030,The,,Car
52422,92769,,40,LMi
52452,92841,,35,Sex
52457,92825,,41,LMi
52478,92728,,39,UMa
52584,93102,,36,Sex
52595,93779,Del-1,,Cha
52633,93845,Del-2,,Cha
52638,93152,,42,LMi
52650,93075,,40,UMa
52685,93132,,41,UMa
52686,93257,,51,Leo
52689,93291,,52,Leo
52727,93497,Mu,,Vel
52882,93636,,43,LMi
52884,93704,,39,Sex
52911,93702,,53,Leo
52913,93742,,40,Sex
52943,93813,Nu,,Hya
52959,93765,,44,LMi
52980,93903,,41,Sex
53043,93859,,43,UMa
53064,93875,,42,UMa
53195,94218,,45,LMi
53229,94264,,46,LMi
53261,94247,,44,UMa
53295,94334,Ome,45,UMa
53355,94480,,48,LMi
53417,94601,,54,Leo
53423,94672,,55,Leo
53426,94600,,46,UMa
53449,94705,,56,Leo
53460,94738,,57,Leo
53492,94747,,50,LMi
53502,94890,Iot,,Ant
53702,96124,Eta,,Oct
53721,95128,,47,UMa
53740,95272,Alp,7,Crt
53807,95345,,58,Leo
53824,95382,,59,Leo
53838,95310,,49,UMa
53907,95578,,61,Leo
53910,95418,Bet,48,UMa
53954,95608,,60,Leo
54049,95849,,62,Leo
54061,95689,Alp,50,UMa
54136,95934,,51,UMa
54182,96097,Chi,63,Leo
54196,96094,,51,LMi
54204,96202,Chi-1,,Hya
54255,96314,Chi-2,,Hya
54336,96436,,65,Leo
54388,96528,,64,Leo
54487,96738,,67,Leo
54515,96855,,66,Leo
54539,96833,Psi,52,UMa
54682,97277,Bet,11,Crt
54742,97411,Psi,,Crt
54849,97585,,69,Leo
54872,97603,Del,68,Leo
54879,97633,The,70,Leo
54951,97778,,72,Leo
55016,97907,,73,Leo
55084,98058,Phi,74,Leo
55137,98118,,75,Leo
55219,98262,Nu,54,UMa
55249,98366,,76,Leo
55266,98353,,55,UMa
55282,98430,Del,12,Crt
55425,98718,Pi,,Cen
55434,98664,Sig,77,Leo
55533,98824,,71,Leo
55560,98839,,56,UMa
55598,98991,Lam,13,Crt
55642,99028,Iot,78,Leo
55650,99055,,79,Leo
55687,99167,Eps,14,Crt
55705,99211,Gam,15,Crt
55765,99285,,81,Leo
55769,99305,,82,Leo
55791,99329,,80,Leo
55846,99491,,83,Leo
55874,99564,Kap,16,Crt
55945,99648,Tau,84,Leo
56034,99787,,57,UMa
56080,99902,,85,Leo
56127,99998,,87,Leo
56146,100006,,86,Leo
56148,99984,,58,UMa
56211,100029,Lam,1,Dra
56242,100180,,88,Leo
56243,100261,Omi-1,,Cen
56250,100262,Omi-2,,Cen
56343,100407,Xi,,Hya
56445,100563,,89,Leo
56473,100600,,90,Leo
56561,100841,Lam,,Cen
56583,100696,,2,Dra
56633,100889,The,21,Crt
56647,100920,Ups,91,Leo
56675,101132,Pi,,Cha
56770,101107,,59,UMa
56779,101153,Ome,1,Vir
56789,101133,,60,UMa
56802,101198,Iot,24,Crt
56922,101431,Omi,,Hya
56975,101484,,92,Leo
56997,101501,,61,UMa
57029,101606,,62,UMa
57111,101673,,3,Dra
57283,102070,Zet,27,Crt
57328,102124,Xi,2,Vir
57363,102249,Lam,,Mus
57380,102212,Nu,3,Vir
57399,102224,Chi,63,UMa
57562,102510,,4,Vir
57565,102509,,93,Leo
57581,102584,Mu,,Mus
57632,102647,Bet,94,Leo
57757,102870,Bet,5,Vir
57936,103192,Bet,,Hya
58001,103287,Gam,64,UMa
58110,103484,,6,Vir
58112,103483,,65,UMa
58117,103498,,65,UMa
58159,103578,,95,Leo
58181,103605,,66,UMa
58188,103632,Eta,30,Crt
58484,104174,Eps,,Cha
58510,104181,,7,Vir
58590,104321,Pi,8,Vir
58661,104452,,1,Com
58684,104513,,67,UMa
58758,104671,The-1,,Cru
58858,104827,,2,Com
58867,104841,The-2,,Cru
58905,104902,Kap,,Cha
58948,104979,Omi,9,Vir
59072,105211,Eta,,Cru
59196,105435,Del,,Cen
59199,105452,Alp,1,Crv
59285,105639,,10,Vir
59309,105702,,11,Vir
59316,105707,Eps,2,Crv
59352,105778,,3,Com
59394,105850,,3,Crv
59449,105937,Rho,,Cen
59458,106002,,68,UMa
59468,105981,,4,Com
59501,106057,,5,Com
59608,106251,,12,Vir
59747,106490,Del,,Cru
59774,106591,Del,69,UMa
59803,106625,Gam,4,Crv
59819,106661,,6,Com
59831,106690,,2,CVn
59847,106714,,7,Com
59929,106849,Eps,,Mus
60000,106911,Bet,,Cha
60009,106983,Zet,,Cru
60030,107070,,13,Vir
60087,107168,,8,Com
60088,107161,,14,Vir
60098,107213,,9,Com
60122,107274,,3,CVn
60123,107276,,10,Com
60129,107259,Eta,15,Vir
60172,107328,,16,Vir
60189,107348,Zet,5,Crv
60202,107383,,11,Com
60212,107465,,70,UMa
60260,107446,Eps,,Cru
60320,107566,Zet-2,,Mus
60329,107567,Zet-1,,Mus
60351,107700,,12,Com
60353,107705,,17,Vir
60425,107815,,6,Crv
60467,107904,,4,CVn
60485,107950,,5,CVn
60514,107966,,13,Com
60584,108135,,71,UMa
60646,108225,,6,CVn
60697,108283,,14,Com
60712,108346,,72,UMa
60718,108248,Alp-1,,Cru
60742,108381,Gam,15,Com
60746,108382,,16,Com
60795,108502,,73,UMa
60823,108483,Sig,,Cen
60904,108662,,17,Com
60941,108722,,18,Com
60957,108765,,20,Com
60965,108767,Del,7,Crv
60978,108844,,74,UMa
60988,108845,,7,CVn
60992,108861,,75,UMa
60998,108907,,4,Dra
61071,108945,,21,Com
61084,108903,Gam,,Cru
61174,109085,Eta,8,Crv
61199,109026,Gam,,Mus
61246,109217,,20,Vir
61281,109387,Kap,5,Dra
61295,109307,,22,Com
61317,109358,Bet,8,CVn
61318,109309,,21,Vir
61359,109379,Bet,9,Crv
61384,109551,,6,Dra
61394,109485,,23,Com
61415,109510,,24,Com
61418,109511,,24,Com
61558,109704,,25,Vir
61571,109742,,25,Com
61585,109668,Alp,,Mus
61622,109787,Tau,,Cen
61692,109980,,9,CVn
61724,110024,,26,Com
61740,110014,Chi,26,Vir
61932,110304,Gam,,Cen
61936,110462,,76,UMa
61937,110377,,27,Vir
61941,110379,Gam,29,Vir
61960,110411,Rho,30,Vir
61968,110423,,31,Vir
61969,110418,,28,Vir
62207,110897,,10,CVn
62267,110951,,32,Vir
62268,110829,Iot,,Cru
62322,110879,Bet,,Mus
62325,111028,,33,Vir
62356,111067,,27,Com
62394,111164,,34,Vir
62423,111335,,7,Dra
62434,111123,Bet,,Cru
62443,111239,,35,Vir
62478,111308,,28,Com
62516,111421,,11,CVn
62541,111397,,29,Com
62576,111469,,30,Com
62757,111765,,37,Vir
62763,111812,,31,Com
62807,111862,,32,Com
62819,111892,,33,Com
62875,111998,,38,Vir
62886,112033,,35,Com
62931,111973,Kap,,Cru
62933,112097,,41,Vir
62956,112185,Eps,77,UMa
62985,112142,Psi,40,Vir
63003,112092,Mu-1,,Cru
63005,112091,Mu-2,,Cru
63007,112078,Lam,,Cru
63031,111482,Iot,,Oct
63076,112429,,8,Dra
63090,112300,Del,43,Vir
63121,112412,Alp-1,12,CVn
63125,112413,Alp-2,12,CVn
63355,112769,,36,Com
63414,112846,,44,Vir
63432,113092,,9,Dra
63462,112989,,37,Com
63494,112992,,46,Vir
63503,113139,,78,UMa
63533,113095,,38,Com
63608,113226,Eps,47,Vir
63613,112985,Del,,Mus
63724,113314,Xi-1,,Cen
63750,113459,,48,Vir
63901,113797,,14,CVn
63948,113848,,39,Com
63950,113866,,40,Com
64004,113791,Xi-2,,Cen
64022,113996,,41,Com
64078,114038,,49,Vir
64094,113904,The,,Mus
64166,114149,Psi,45,Hya
64217,114376,,15,CVn
64224,114287,,50,Vir
64238,114330,The,51,Vir
64241,114378,Alp,42,Com
64244,114427,,16,CVn
64246,114447,,17,CVn
64355,114674,,18,CVn
64394,114710,Bet,43,Com
64407,114642,,53,Vir
64520,114846,,54,Vir
64577,114946,,55,Vir
64625,115062,,56,Vir
64661,114911,Eta,,Mus
64692,115271,,19,CVn
64725,115202,,57,Vir
64792,115383,,59,Vir
64834,115466,,58,Vir
64844,115604,,20,CVn
64852,115521,Sig,60,Vir
64906,115735,,21,CVn
64924,115617,,61,Vir
64962,115659,Gam,46,Hya
65072,116010,,23,CVn
65074,115903,,62,Vir
65109,115892,Iot,,Cen
65241,116235,,64,Vir
65301,116292,,63,Vir
65323,116365,,65,Vir
65378,116656,Zet,79,UMa
65420,116568,,66,Vir
65468,116244,Iot-1,,Mus
65474,116658,Alp,67,Vir
65477,116842,,80,UMa
65581,116870,,68,Vir
65628,116579,Iot-2,,Mus
65639,116976,,69,Vir
65721,117176,,70,Vir
65790,117304,,71,Vir
65892,117436,,72,Vir
66006,117675,,74,Vir
66015,117661,,73,Vir
66091,117789,,75,Vir
66098,117818,,76,Vir
66131,117878,,77,Vir
66198,118214,,81,UMa
66200,118022,,78,Vir
66234,118232,,24,CVn
66249,118098,Zet,79,Vir
66320,118219,,80,Vir
66458,118623,,25,CVn
66465,118511,,81,Vir
66634,119024,,82,UMa
66657,118716,Eps,,Cen
66727,119055,,1,Boo
66738,119228,,83,UMa
66753,117374,Kap,,Oct
66763,119126,,2,Boo
66803,119149,,82,Vir
66936,119425,,84,Vir
67057,119605,,83,Vir
67139,119786,,85,Vir
67153,119756,,1,Cen
67172,119853,,86,Vir
67231,120198,,84,UMa
67239,120064,,3,Boo
67275,120136,Tau,4,Boo
67288,120052,,87,Vir
67301,120315,Eta,85,UMa
67355,120235,,88,Vir
67457,120323,,2,Cen
67459,120477,Ups,5,Boo
67464,120307,Nu,,Cen
67472,120324,Mu,,Cen
67480,120539,,6,Boo
67494,120452,,89,Vir
67627,121130,,10,Dra
67669,120709,,3,Cen
67786,120955,,4,Cen
67787,121107,,7,Boo
67848,121409,,86,UMa
67927,121370,Eta,8,Boo
67929,121299,,90,Vir
68002,121263,Zet,,Cen
68092,121607,,92,Vir
68103,121710,,9,Boo
68245,121743,Phi,,Cen
68269,121847,,47,Hya
68276,121996,,10,Boo
68282,121790,Ups-1,,Cen
68390,122066,,48,Hya
68478,122405,,11,Boo
68520,122408,Tau,93,Vir
68523,122223,Ups-2,,Cen
68702,122451,Bet,,Cen
68756,123299,Alp,11,Dra
68815,122250,The,,Aps
68862,122980,Chi,,Cen
68888,123177,,94,Vir
68895,123123,Pi,49,Hya
68933,123139,The,5,Cen
68940,123255,,95,Vir
68956,124063,,3,UMi
69068,123782,,13,Boo
69112,124547,,4,UMi
69127,123630,,96,Vir
69226,123999,,12,Boo
69403,124248,,97,Vir
69415,124206,,50,Hya
69427,124294,Kap,98,Vir
69481,124674,Kap-1,17,Boo
69483,124675,Kap-2,17,Boo
69536,124570,,14,Boo
69612,124679,,15,Boo
69673,124897,Alp,16,Boo
69701,124850,Iot,99,Vir
69713,125161,Iot,21,Boo
69732,125162,Lam,19,Boo
69896,123998,Eta,,Aps
69974,125337,Lam,100,Vir
69989,125451,,18,Boo
69996,125238,Iot,,Lup
70012,125454,Ups,102,Vir
70027,125560,,20,Boo
70090,125473,Psi,,Cen
70220,125817,,103,Vir
70248,124771,Eps,,Aps
70306,125932,,51,Hya
70336,126035,,2,Lib
70497,126660,The,23,Boo
70574,126341,Tau-1,,Lup
70576,126354,Tau-2,,Lup
70602,126661,,22,Boo
70638,124882,Del,,Oct
70680,126722,,104,Vir
70692,127700,,5,UMi
70753,126769,,52,Hya
70755,126868,Phi,105,Vir
70791,127243,,24,Boo
70794,126927,,106,Vir
71053,127665,Rho,25,Boo
71075,127762,Gam,27,Boo
71115,127739,,26,Boo
71121,127381,Sig,,Lup
71284,128167,Sig,28,Boo
71352,127972,Eta,,Cen
71536,128345,Rho,,Lup
71618,129002,,33,Boo
71652,128756,,3,Lib
71681,128621,Alp-2,,Cen
71683,128620,Alp-1,,Cen
71762,129174,Pi-1,29,Boo
71795,129246,Zet,30,Boo
71832,129312,,31,Boo
71837,129336,,32,Boo
71860,129056,Alp,,Lup
71908,128898,Alp,,Cir
71957,129502,Mu,107,Vir
71974,129433,,4,Lib
71995,129712,,34,Boo
72105,129988,Eps,36,Boo
72125,129972,Omi,35,Boo
72154,129956,,108,Vir
72181,130834,,6,UMi
72194,129978,,5,Lib
72197,129926,,54,Hya
72220,130109,,109,Vir
72323,130158,,55,Hya
72357,130259,,56,Hya
72370,129078,Alp,,Aps
72378,130274,,57,Hya
72487,130945,,38,Boo
72489,130559,Mu,7,Lib
72524,131041,,39,Boo
72571,130694,,58,Hya
72603,130819,Alp-1,8,Lib
72607,131873,Bet,7,UMi
72622,130841,Alp-2,9,Lib
72631,130952,,11,Lib
72659,131156,Xi,37,Boo
72683,130807,Omi,,Lup
72702,131027,,10,Lib
72929,131430,,12,Lib
72934,131530,Xi-1,13,Lib
72965,131058,Zet,,Cir
73129,131492,The,,Cir
73133,131918,Xi-2,15,Lib
73136,133086,,8,UMi
73165,132052,,16,Lib
73249,132230,,17,Lib
73273,132058,Bet,,Lup
73284,132219,,59,Hya
73310,132345,,18,Lib
73334,132200,Kap,,Cen
73369,132772,,40,Boo
73440,133621,,9,UMi
73473,132742,Del,19,Lib
73540,130650,Pi-1,,Oct
73555,133208,Bet,42,Boo
73566,132851,,60,Hya
73568,133124,Ome,41,Boo
73620,133165,,110,Vir
73695,133640,,44,Boo
73714,133216,Sig,20,Lib
73745,133582,Psi,43,Boo
73771,131246,Pi-2,,Oct
73776,132905,Eta,,Cir
73807,133242,Pi,,Lup
73808,134584,,10,UMi
73841,133962,,47,Boo
73945,133774,Nu,21,Lib
73953,133800,,22,Lib
73996,134083,,45,Boo
74087,134320,,46,Boo
74117,133955,Lam,,Lup
74296,131596,Ome,,Oct
74376,134481,Kap-1,,Lup
74380,134482,Kap-2,,Lup
74392,134759,Iot-1,24,Lib
74395,134505,Zet,,Lup
74493,134967,Iot-2,25,Lib
74500,134987,,23,Lib
74596,135502,Chi,48,Boo
74600,135230,,26,Lib
74604,135153,,1,Lup
74649,135482,,3,Ser
74666,135722,Del,49,Boo
74689,135559,,4,Ser
74778,135240,Del,,Cir
74785,135742,Bet,27,Lib
74793,136726,,11,UMi
74806,136727,,12,UMi
74824,135379,Bet,,Cir
74837,135291,Eps,,Cir
74857,135758,,2,Lup
74911,135734,Mu,,Lup
74946,135382,Gam,,TrA
74975,136202,,5,Ser
75049,136512,Omi,1,CrB
75097,137422,Gam,13,UMi
75110,136366,,28,Lib
75118,136407,Omi,29,Lib
75119,136514,,6,Ser
75141,136298,Del,,Lup
75152,137686,,14,UMi
75177,136422,Phi-1,,Lup
75178,136849,,50,Boo
75181,136352,Nu-2,,Lup
75206,136351,Nu-1,,Lup
75230,136831,,7,Ser
75264,136504,Eps,,Lup
75294,136801,,30,Lib
75304,136664,Phi-2,,Lup
75312,137107,Eta,2,CrB
75323,136415,Gam,,Cir
75342,137006,,8,Ser
75379,137052,Eps,31,Lib
75411,137391,Mu-1,51,Boo
75415,137392,Mu-2,51,Boo
75439,136933,Ups,,Lup
75458,137759,Iot,12,Dra
75530,137471,Tau-1,9,Ser
75695,137909,Bet,3,CrB
75730,137744,Zet-1,32,Lib
75761,137898,,10,Ser
75848,137949,,33,Lib
75944,138137,Zet-3,34,Lib
75973,138481,Nu-1,52,Boo
76008,139669,The,15,UMi
76013,137387,Kap-1,,Aps
76041,138629,Nu-2,53,Boo
76069,138527,Tau-2,12,Ser
76126,138485,Zet-4,35,Lib
76127,138749,The,4,CrB
76133,138562,,11,Ser
76219,138716,,37,Lib
76259,138688,,36,Lib
76267,139006,Alp,5,CrB
76276,138917,Del,13,Ser
76297,138690,Gam,,Lup
76307,139153,Mu,6,CrB
76333,138905,Gam,38,Lib
76337,139074,Tau-3,15,Ser
76423,139216,Tau-4,17,Ser
76424,139225,Tau-5,18,Ser
76425,139195,,16,Ser
76427,139137,,14,Ser
76440,138538,Eps,,TrA
76470,139063,Ups,39,Lib
76534,139641,Phi,54,Boo
76552,139127,Ome,,Lup
76600,139365,Tau,40,Lib
76628,139446,,41,Lib
76669,139891,Zet-1,7,CrB
76695,141652,,18,UMi
76705,139521,Psi-1,3,Lup
76742,139663,,42,Lib
76750,138800,Kap-2,,Aps
76810,140027,Tau-6,19,Ser
76852,140159,Iot,21,Ser
76866,140160,Chi,20,Ser
76878,140232,Tau-7,22,Ser
76880,139997,Kap,43,Lib
76945,140008,Psi-2,4,Lup
76952,140436,Gam,8,CrB
76996,137333,Rho,,Oct
77048,140716,Pi,9,CrB
77052,140538,Psi,23,Ser
77055,142105,Zet,16,UMi
77060,140417,Eta,44,Lib
77070,140573,Alp,24,Ser
77111,140729,Tau-8,26,Ser
77227,140873,,25,Ser
77233,141003,Bet,28,Ser
77249,141040,,29,Ser
77257,141004,Lam,27,Ser
77336,141187,Ups,31,Ser
77450,141477,Kap,35,Ser
77512,141714,Del,10,CrB
77516,141513,Mu,32,Ser
77578,141680,Ome,34,Ser
77622,141795,Eps,37,Ser
77634,141556,Chi,5,Lup
77635,141637,,1,Sco
77655,142091,Kap,11,CrB
77660,141851,,36,Ser
77661,141992,Rho,38,Ser
77760,142373,Chi,1,Her
77801,142267,,39,Ser
77811,142096,Lam,45,Lib
77840,142114,,2,Sco
77853,142198,The,46,Lib
77907,142780,,2,Her
77909,142301,,3,Sco
77910,142500,,40,Ser
77939,142378,,47,Lib
77942,143803,,17,UMi
77952,141891,Bet,,TrA
77982,141767,Kap,,TrA
77984,142445,,4,Sco
77986,142926,,4,Her
78012,142908,Lam,12,CrB
78072,142860,Gam,41,Ser
78104,142669,Rho,5,Sco
78105,142629,Xi-1,,Lup
78106,142630,Xi-2,,Lup
78132,142980,Phi,,Ser
78159,143107,Eps,13,CrB
78207,142983,,48,Lib
78265,143018,Pi,6,Sco
78384,143118,Eta,,Lup
78400,143333,,49,Lib
78401,143275,Del,7,Sco
78436,143459,,50,Lib
78459,143761,Rho,15,CrB
78481,143666,,5,Her
78493,143807,Iot,14,CrB
78527,144284,The,13,Dra
78554,143894,Pi,44,Ser
78592,144206,Ups,6,Her
78639,143546,Eta,,Nor
78662,143474,Iot-1,,Nor
78685,144046,,43,Ser
78820,144217,Bet-1,8,Sco
78821,144218,Bet-2,8,Sco
78914,144197,Del,,Nor
78918,144294,The,,Lup
78933,144470,Ome-1,9,Sco
78990,144608,Ome-2,10,Sco
79005,144708,,11,Sco
79007,144874,,45,Ser
79043,145001,Kap,7,Her
79045,145000,Kap,7,Her
79047,144937,,46,Ser
79072,145002,,47,Ser
79101,145389,Phi,11,Her
79102,145122,,8,Her
79119,145328,Tau,16,CrB
79153,144480,Iot-2,,Nor
79248,145675,,14,Her
79280,146926,,19,UMi
79349,145713,,10,Her
79374,145502,Nu,14,Sco
79375,145570,Psi,15,Sco
79387,145607,,16,Sco
79399,145483,,12,Sco
79404,145482,,13,Sco
79420,147142,,20,UMi
79488,145892,,9,Her
79497,145361,Zet,,Nor
79509,145397,Kap,,Nor
79540,145897,Chi,17,Sco
79593,146051,Del,1,Oph
79607,146361,Sig,17,CrB
79608,146169,,12,Her
79634,146279,,13,Her
79653,145842,The,,Nor
79664,145544,Del,,TrA
79666,146388,,16,Her
79672,146233,,18,Sco
79704,146452,,15,Her
79724,146604,,17,Her
79757,146738,Ups,18,CrB
79790,146143,Gam-1,,Nor
79822,148048,Eta,21,UMi
79846,146915,,18,Her
79882,146791,Eps,2,Oph
79889,147025,,19,Her
79963,146667,Lam,,Nor
79992,147394,Tau,22,Her
80000,146686,Gam-2,,Nor
80047,145366,Del-1,,Aps
80057,145388,Del-2,,Aps
80079,147084,Omi,19,Sco
80112,147165,Sig,20,Sco
80170,147547,Gam,20,Her
80179,147449,Sig,50,Ser
80181,147677,Xi,19,CrB
80197,147749,Nu-1,20,CrB
80214,147767,Nu-2,21,CrB
80331,148387,Eta,14,Dra
80343,147700,Psi,4,Oph
80351,147869,,21,Her
80460,148283,,25,Her
80463,148112,Ome,24,Her
80473,147933,Rho,5,Oph
80569,148184,Chi,7,Oph
80582,147971,Eps,,Nor
80628,148367,Ups,3,Oph
80645,147787,Iot,,TrA
80648,148616,,26,Her
80650,149212,,15,Dra
80686,147584,Zet,,TrA
80704,148783,,30,Her
80763,148478,Alp,21,Sco
80809,149081,,34,Her
80815,148605,,22,Sco
80816,148856,Bet,27,Her
80883,148857,Lam,10,Oph
80894,148786,Phi,8,Oph
80927,149141,,31,Her
80975,148898,Ome,9,Oph
81007,149121,,28,Her
81008,149161,,29,Her
81065,147675,Gam,,Aps
81066,149420,,32,Her
81122,149038,Mu,,Nor
81126,149630,Sig,35,Her
81252,148890,The,,TrA
81266,149438,Tau,23,Sco
81290,150100,,16,Dra
81292,150117,,17,Dra
81300,149661,,12,Oph
81354,149805,,33,Her
81377,149757,Zet,13,Oph
81497,150450,,42,Her
81634,150379,,36,Her
81641,150378,,37,Her
81660,151101,,18,Dra
81693,150680,Zet,40,Her
81710,149671,Eta-1,,TrA
81717,150525,,38,Her
81729,150682,,39,Her
81734,150557,,14,Oph
81833,150997,Eta,44,Her
81852,149324,Bet,,Aps
81991,151090,,41,Her
82000,151237,,46,Her
82007,150937,,15,Oph
82037,151133,,16,Oph
82073,151217,,43,Her
82080,153751,Eps,22,UMi
82140,151179,,25,Sco
82162,151431,,19,Oph
82216,151525,,45,Her
82273,150798,Alp,,TrA
82321,152107,,52,Her
82324,151937,,48,Her
82363,151249,Eta,,Ara
82369,151769,,20,Oph
82396,151680,Eps,26,Sco
82402,151956,,47,Her
82422,152173,,50,Her
82480,152127,,21,Oph
82504,152326,,51,Her
82514,151890,Mu-1,,Sco
82526,152308,,49,Her
82545,151985,Mu-2,,Sco
82587,152598,,53,Her
82671,152236,Zet-1,,Sco
82673,152614,Iot,25,Oph
82729,152334,Zet-2,,Sco
82730,152601,,23,Oph
82758,152534,,22,Oph
82780,152863,,56,Her
82802,152879,,54,Her
82860,153597,,19,Dra
82898,153697,,20,Dra
82925,152849,,24,Oph
82960,152820,,27,Sco
82987,153287,,57,Her
83000,153210,Kap,27,Oph
83081,152786,Zet,,Ara
83153,152980,Eps-1,,Ara
83196,153363,,26,Oph
83207,153808,Eps,58,Her
83262,153687,,30,Oph
83313,154029,,59,Her
83331,153727,,29,Oph
83431,153580,Eps-2,,Ara
83462,154356,,61,Her
83508,154021,,28,Oph
83566,154132,,31,Oph
83608,154905,Mu,21,Dra
83613,154494,,60,Her
83876,155104,,62,Her
83895,155763,Zet,22,Dra
84012,155125,Eta,35,Oph
84054,155514,,63,Her
84143,155203,Eta,,Sco
84177,155644,,37,Oph
84345,156014,Alp-1,64,Her
84379,156164,Del,65,Her
84380,156283,Pi,67,Her
84405,155885,,36,Oph
84514,156266,,41,Oph
84535,183030,Lam,,UMi
84573,156633,,68,Her
84606,156729,,69,Her
84625,156350,Omi,39,Oph
84626,156349,Omi,39,Oph
84835,157325,,74,Her
84862,157214,,72,Her
84880,156928,Nu,53,Ser
84887,157198,,70,Her
84893,156897,Xi,40,Oph
84969,156277,Zet,,Aps
84970,157056,The,42,Oph
84979,156190,Iot,,Aps
85079,157042,Iot,,Ara
85084,157236,,43,Oph
85112,157778,Rho,75,Her
85157,157728,,73,Her
85258,157244,Bet,,Ara
85267,157246,Gam,,Ara
85312,157457,Kap,,Ara
85340,157792,,44,Oph
85355,157999,Sig,49,Oph
85379,158414,,77,Her
85423,157919,,45,Oph
85670,159181,Bet,23,Dra
85693,158899,Lam,76,Her
85696,158408,Ups,34,Sco
85699,166926,,24,UMi
85703,158527,,50,Oph
85727,158094,Del,,Ara
85755,158643,,51,Oph
85790,159139,,78,Her
85792,158427,Alp,,Ara
85805,159966,,27,Dra
85819,159541,Nu-1,24,Dra
85822,166205,Del,23,UMi
85829,159560,Nu-2,25,Dra
85852,160538,,29,Dra
85927,158926,Lam,35,Sco
85979,159466,,54,Oph
85998,159480,,53,Oph
86032,159561,Alp,55,Oph
86036,160269,,26,Dra
86041,159610,,56,Oph
86060,159376,,52,Oph
86092,159217,Sig,1,Ara
86182,160290,,82,Her
86201,160922,Ome,28,Dra
86228,159532,The,,Sco
86254,160181,,79,Her
86263,159876,Xi,55,Ser
86284,159975,Mu,57,Oph
86305,159492,Pi,,Ara
86414,160762,Iot,85,Her
86486,160032,Lam,,Ara
86565,160613,Omi,56,Ser
86614,162003,Psi-1,31,Dra
86620,162004,Psi-1,31,Dra
86667,161074,,83,Her
86670,160578,Kap,,Sco
86731,161239,,84,Her
86736,160915,,58,Oph
86742,161096,Bet,60,Oph
86796,160691,Mu,,Ara
86831,161270,,61,Oph
86929,160635,Eta,,Pav
86974,161797,Mu,86,Her
87072,161592,,3,Sgr
87073,161471,Iot-1,,Sco
87108,161868,Gam,62,Oph
87194,162211,,87,Her
87212,162579,,30,Dra
87234,163989,,35,Dra
87280,162732,,88,Her
87294,161912,Iot-2,,Sco
87563,163217,,90,Her
87585,163588,Xi,32,Dra
87728,164613,Psi-2,34,Dra
87747,163506,,89,Her
87808,163770,The,91,Her
87833,164058,Gam,33,Dra
87933,163993,Xi,92,Her
87998,164136,Nu,94,Her
88048,163917,Nu,64,Oph
88116,163955,,4,Sgr
88127,166865,,40,Dra
88128,164349,,93,Her
88136,166866,,41,Dra
88142,164031,,5,Sgr
88149,164284,,66,Oph
88175,164259,Zet,57,Ser
88192,164353,,67,Oph
88258,164358,,6,Sgr
88267,164668,,95,Her
88290,164577,,68,Oph
88331,164852,,96,Her
88346,164900,,97,Her
88380,164584,,7,Sgr
88404,164764,Tau,69,Oph
88469,164794,,9,Sgr
88567,164975,Gam-1,,Sgr
88601,165341,,70,Oph
88635,165135,Gam-2,10,Sgr
88657,165625,,98,Her
88714,165024,The,,Ara
88745,165908,,99,Her
88765,165760,,71,Oph
88771,165777,,72,Oph
88794,166014,Omi,103,Her
88817,166046,,100,Her
88818,166045,,100,Her
88866,165040,Pi,,Pav
88886,166182,,102,Her
88899,166230,,101,Her
88943,165921,,11,Sgr
88964,166233,,73,Oph
89042,165499,Iot,,Pav
89112,166063,Eps,,Tel
89153,166464,,1,Sgr
89172,167006,,104,Her
89276,166767,,12,Sgr
89341,166937,Mu,13,Sgr
89348,168151,,36,Dra
89369,167036,,14,Sgr
89439,167264,,15,Sgr
89440,167263,,16,Sgr
89448,168653,,37,Dra
89567,167570,,17,Sgr
89594,169027,,38,Dra
89642,167618,Eta,,Sgr
89773,168532,,105,Her
89826,168775,Kap,1,Lyr
89861,168720,,106,Her
89908,170000,Phi,43,Dra
89918,168656,,74,Oph
89925,168913,,108,Her
89931,168454,Del,19,Sgr
89935,168914,,107,Her
89937,170153,Chi,44,Dra
89962,168723,Eta,58,Ser
90098,168339,Xi,,Pav
90133,167468,Phi,,Oct
90135,169156,Zet,,Sct
90139,169414,,109,Her
90156,170073,,39,Dra
90185,169022,Eps,20,Sgr
90191,169702,Mu,2,Lyr
90260,169233,,18,Sgr
90289,169420,,21,Sgr
90344,170693,,42,Dra
90422,169467,Alp,,Tel
90441,169985,,59,Ser
90496,169916,Lam,22,Sgr
90568,169767,Zet,,Tel
90595,170296,Gam,,Sct
90642,170474,,60,Ser
90713,170457,,23,Sgr
90797,169978,Nu,,Pav
90830,170465,Del-1,,Tel
90844,170920,,61,Ser
90853,170523,Del-2,,Tel
90905,171635,,45,Dra
90969,170867,Kap-2,,CrA
90968,170868,Kap-1,,CrA
90982,170845,The,,CrA
91004,171115,,24,Sgr
91066,171237,,25,Sgr
91117,171443,Alp,,Sct
91262,172167,Alp,3,Lyr
91689,172546,,26,Sgr
91726,172748,Del,,Sct
91755,173524,,46,Dra
91792,171759,Zet,,Pav
91845,173009,Eps,,Sct
91875,172777,Lam,,CrA
91919,173582,Eps-1,4,Lyr
91926,173607,Eps-2,5,Lyr
91971,173648,Zet-1,6,Lyr
91973,173649,Zet-2,7,Lyr
91975,173370,,4,Aql
92041,173300,Phi,27,Sgr
92043,173667,,110,Her
92111,173460,,28,Sgr
92112,175286,,50,Dra
92117,173654,,5,Aql
92161,173880,,111,Her
92175,173764,Bet,,Sct
92226,173540,Mu,,CrA
92294,173168,The,,Pav
92308,173715,Eta-1,,CrA
92382,173861,Eta-2,,CrA
92390,174116,,29,Sgr
92398,174585,Nu-1,8,Lyr
92405,174602,Nu-2,9,Lyr
92420,174638,Bet,10,Lyr
92480,174309,,30,Sgr
92501,174532,,7,Aql
92512,175306,Omi,47,Dra
92524,174589,,8,Aql
92602,174596,,31,Sgr
92609,173948,Lam,,Pav
92614,174933,,112,Her
92646,174295,Kap,,Tel
92728,175426,Del-1,11,Lyr
92747,174947,,33,Sgr
92761,174974,Nu-1,32,Sgr
92782,176524,Ups,52,Dra
92791,175588,Del-2,12,Lyr
92818,175492,,113,Her
92824,164461,Chi,,Oct
92845,175190,Nu-2,35,Sgr
92855,175191,Sig,34,Sgr
92862,175865,,13,Lyr
92946,175638,The-1,63,Ser
92951,175639,The-2,63,Ser
92997,176408,,48,Dra
93015,174694,Kap,,Pav
93026,175751,Eta,,Sct
93051,175869,,64,Ser
93057,175687,Xi-1,36,Sgr
93085,175775,Xi-2,37,Sgr
93148,175510,Lam,,Tel
93163,175329,Ome,,Pav
93174,175813,Eps,,CrA
93179,176232,,10,Aql
93194,176437,Gam,14,Lyr
93203,176303,,11,Aql
93244,176411,Eps,13,Aql
93279,176670,Lam,15,Lyr
93340,177249,,49,Dra
93408,177196,,16,Lyr
93429,176678,,12,Aql
93506,176687,Zet,38,Sgr
93526,176984,,14,Aql
93542,176638,Zet,,CrA
93683,177241,Omi,39,Sgr
93713,178207,,51,Dra
93717,177463,,15,Aql
93747,177724,Zet,17,Aql
93805,177756,Lam,16,Aql
93815,177171,Rho,,Tel
93825,177474,Gam,,CrA
93864,177716,Tau,40,Sgr
93867,178125,,18,Aql
93903,178475,Iot,18,Lyr
93917,178449,,17,Lyr
94005,177873,Del,,CrA
94068,178596,,19,Aql
94083,180777,,59,Dra
94114,178253,Alp,,CrA
94140,179933,,55,Dra
94141,178524,Pi,41,Sgr
94160,178345,Bet,,CrA
94302,180006,,53,Dra
94311,179527,,19,Lyr
94376,180711,Del,57,Dra
94385,179406,,20,Aql
94477,179761,,21,Aql
94481,180163,Eta,20,Lyr
94490,180610,,54,Dra
94620,180317,,1,Sge
94643,179950,Psi,42,Sgr
94648,181984,Tau,60,Dra
94703,180554,,1,Vul
94713,180809,The,21,Lyr
94724,179009,Tau,,Pav
94727,180482,,22,Aql
94779,181276,Kap,1,Cyg
94820,180540,,43,Sgr
94827,180968,,2,Vul
94834,180868,Ome-1,25,Aql
94885,180972,,23,Aql
94913,181053,,24,Aql
94982,181333,,28,Aql
95002,181383,Ome-2,29,Aql
95066,181391,,26,Aql
95073,181440,,27,Aql
95081,182564,Pi,58,Dra
95168,181577,Rho-1,44,Sgr
95176,181615,Ups,46,Sgr
95188,181645,Rho-2,45,Sgr
95241,181454,Bet-1,,Sgr
95260,182255,,3,Vul
95261,181296,Eta,,Tel
95294,181623,Bet-2,,Sgr
95347,181869,Alp,,Sgr
95372,182568,,2,Cyg
95398,182490,,2,Sge
95435,182571,,3,Sge
95447,182572,,31,Aql
95477,182369,Chi-1,47,Sgr
95486,182391,Chi-2,48,Sgr
95498,182762,,4,Vul
95503,182416,Chi-3,49,Sgr
95501,182640,Del,30,Aql
95556,183056,,4,Cyg
95560,182919,,5,Vul
95564,182629,,50,Sgr
95585,182835,Nu,32,Aql
95656,183534,Iot-1,7,Cyg
95771,183439,Alp,6,Vul
95785,183491,,8,Vul
95793,183324,,35,Aql
95818,183537,,7,Vul
95853,184006,Iot-2,10,Cyg
95932,183028,Mu,,Tel
95937,183630,,36,Aql
95947,183912,Bet-1,6,Cyg
95951,183914,Bet-2,6,Cyg
96052,184171,,8,Cyg
96100,185144,Sig,61,Dra
96229,184406,Mu,38,Aql
96275,184606,,9,Vul
96302,184759,,9,Cyg
96327,184492,,37,Aql
96341,184127,Iot,,Tel
96387,185037,,11,Cyg
96406,184552,,51,Sgr
96441,185395,The,13,Cyg
96465,184707,,52,Sgr
96468,184930,Iot,41,Aql
96483,184915,Kap,39,Aql
96516,185194,Eps,4,Sge
96556,185124,,42,Aql
96665,185507,Sig,44,Aql
96683,185734,Phi,12,Cyg
96693,185872,,14,Cyg
96729,185404,,53,Sgr
96757,185758,Alp,5,Sge
96807,185762,,45,Aql
96808,185644,,54,Sgr
96837,185958,Bet,6,Sge
96895,186408,,16,Cyg
96931,186122,,46,Aql
96950,186005,,55,Sgr
96957,186203,Chi,47,Aql
97077,186486,,10,Vul
97118,186675,,15,Cyg
97139,186547,Psi,48,Aql
97165,186882,Del,18,Cyg
97229,186689,Ups,49,Aql
97278,186791,Gam,50,Aql
97290,186648,,56,Sgr
97295,187013,,17,Cyg
97365,187076,Del,7,Sge
97421,186543,Nu,,Tel
97433,188119,Eps,63,Dra
97473,187259,Pi,52,Aql
97496,187362,Zet,8,Sge
97629,187796,Chi,,Cyg
97630,187849,,19,Cyg
97635,188056,,20,Cyg
97649,187642,Alp,53,Aql
97650,187532,,51,Aql
97675,187691,Omi,54,Aql
97679,187811,,12,Vul
97783,187739,,57,Sgr
97796,188001,,9,Sge
97804,187929,Eta,55,Aql
97870,188665,,23,Cyg
97886,188260,,13,Vul
97928,188154,,56,Aql
97938,188310,Xi,59,Aql
97966,188293,,57,Aql
97967,188294,,57,Aql
97980,188350,,58,Aql
98032,188114,Iot,,Sgr
98036,188512,Bet,60,Aql
98055,189037,Psi,24,Cyg
98066,188376,Ome,58,Sgr
98068,188892,,22,Cyg
98085,188727,,10,Sge
98103,188728,Phi,61,Aql
98110,188947,Eta,21,Cyg
98162,188603,,59,Sgr
98234,189090,,11,Sge
98258,188899,,61,Sgr
98337,189319,Gam,12,Sge
98353,189005,,60,Sgr
98375,189410,,14,Vul
98401,190960,,69,Dra
98412,189103,The-1,,Sgr
98421,189118,The-2,,Sgr
98425,189687,,25,Cyg
98438,189577,,13,Sge
98478,188584,Mu-1,,Pav
98495,188228,Eps,,Pav
98543,189849,,15,Vul
98571,190147,,26,Cyg
98583,190544,,64,Dra
98624,188887,Mu-2,,Pav
98633,189741,,63,Sgr
98636,190004,,16,Vul
98658,190713,,65,Dra
98688,189763,,62,Sgr
98702,190940,Rho,67,Dra
98819,190406,,15,Sge
98823,190327,Tau,63,Aql
98844,190299,,62,Aql
98920,190608,Eta,16,Sge
98953,190454,,65,Sgr
98962,191277,,66,Dra
99031,191026,,27,Cyg
99080,190993,,17,Vul
99120,190421,Xi,,Tel
99171,191067,,64,Aql
99240,190248,Del,,Pav
99255,192907,Kap,1,Cep
99303,191610,,28,Cyg
99352,191570,The,17,Sge
99404,191747,,18,Vul
99473,191692,The,65,Aql
99500,192455,,68,Dra
99518,192004,,19,Vul
99529,191753,Xi-1,1,Cap
99531,192044,,20,Vul
99572,191862,Xi-2,2,Cap
99631,192107,,66,Aql
99639,192514,,30,Cyg
99655,192696,,33,Cyg
99675,192577,,31,Cyg
99738,192518,,21,Vul
99742,192425,Rho,67,Aql
99770,192640,,29,Cyg
99848,192909,,32,Cyg
99853,192713,,22,Vul
99874,192806,,23,Vul
99913,192836,,18,Sge
99918,192666,,3,Cap
99951,192944,,24,Vul
100027,192876,Alp-1,5,Cap
100044,193237,,34,Cyg
100062,192879,,4,Cap
100064,192947,Alp-2,6,Cap
100108,193369,,36,Cyg
100122,193370,,35,Cyg
100195,193150,Sig,7,Cap
100221,193964,,71,Dra
100310,193432,Nu,8,Cap
100345,193495,Bet,9,Cap
100435,193911,,25,Vul
100453,194093,Gam,37,Cyg
100469,193571,Kap-1,,Sgr
100565,194666,,72,Dra
100587,194317,,39,Cyg
100591,193807,Kap-2,,Sgr
100751,193924,Alp,,Pav
100859,195068,,43,Cyg
100881,194636,Pi,10,Cap
100907,195050,,40,Cyg
100965,196787,,75,Dra
100977,194939,,68,Aql
101027,194943,Rho,11,Cap
101067,195324,,42,Cyg
101076,195295,,41,Cyg
101082,196925,,74,Dra
101093,195725,The,2,Cep
101101,195135,,69,Aql
101120,195093,Omi,12,Cap
101123,195094,Omi,12,Cap
101138,195556,Ome-1,45,Cyg
101160,195325,,1,Del
101214,195593,,44,Cyg
101243,195774,Ome-2,46,Cyg
101260,196502,,73,Dra
101421,195810,Eps,2,Del
101474,196093,,47,Cyg
101477,195569,Nu,,Mic
101483,195943,Eta,3,Del
101589,196180,Zet,4,Del
101612,195627,Phi-1,,Pav
101641,196362,,26,Vul
101692,196321,,70,Aql
101716,196504,,27,Vul
101751,196348,,13,Cap
101765,196606,,48,Cyg
101769,196524,Bet,6,Del
101772,196171,Alp,,Ind
101773,195961,Rho,,Pav
101800,196544,Iot,5,Del
101847,196574,,71,Aql
101867,196724,,29,Vul
101868,196740,,28,Vul
101882,196725,The,8,Del
101916,196755,Kap,7,Del
101923,196662,Tau,14,Cap
101936,196758,,1,Aqr
101958,196867,Alp,9,Del
101983,196378,Phi-2,,Pav
101984,196777,Ups,15,Cap
102066,197177,,49,Cyg
102080,197121,,10,Del
102098,197345,Alp,50,Cyg
102125,196067,Mu-2,,Oct
102157,196519,Ups,,Pav
102162,196051,Mu-1,,Oct
102177,197511,,51,Cyg
102208,199095,,76,Dra
102253,197950,,4,Cep
102281,197461,Del,11,Del
102333,197157,Eta,,Ind
102388,197752,,30,Vul
102395,197051,Bet,,Pav
102422,198149,Eta,3,Cep
102453,197912,,52,Cyg
102485,197692,Psi,16,Cap
102487,197725,,17,Cap
102488,197989,Eps,53,Cyg
102531,197963,Gam-1,12,Del
102532,197964,Gam-2,12,Del
102589,198183,Lam,54,Cyg
102618,198001,Eps,2,Aqr
102624,198026,,3,Aqr
102633,198069,,13,Del
102693,197937,Iot,,Mic
102724,198478,,55,Cyg
102773,197635,Sig,,Pav
102790,198048,Zet,,Ind
102805,198390,,15,Del
102819,198391,,14,Del
102831,198232,Alp,,Mic
102843,198639,,56,Cyg
102945,198571,,4,Aqr
102950,198308,Iot,,Ind
102978,198542,Ome,18,Cap
102989,198529,Bet,,Mic
103004,198809,,31,Vul
103005,198667,,5,Aqr
103045,198743,Mu,6,Aqr
103089,199081,,57,Cyg
103200,199169,,32,Vul
103226,199012,,19,Cap
103227,198700,Bet,,Ind
103294,199253,,17,Del
103298,199254,,16,Del
103401,199345,,7,Aqr
103413,199629,Nu,58,Cyg
103511,199697,,33,Vul
103527,199665,,18,Del
103569,199766,Eps,1,Equ
103616,199728,,20,Cap
103632,200120,,59,Cyg
103640,199828,,8,Aqr
103681,199944,,10,Aqr
103682,199960,,11,Aqr
103703,199947,,21,Cap
103728,200004,,9,Aqr
103732,200310,,60,Cyg
103738,199951,Gam,,Mic
103813,200256,,2,Equ
103882,200163,Zet,,Mic
103981,200496,,12,Aqr
104019,200499,Eta,22,Cap
104031,200644,,3,Equ
104043,199532,Alp,,Oct
104060,200905,Xi,62,Cyg
104085,200365,Mu,,Ind
104101,200790,,4,Equ
104139,200761,The,23,Cap
104148,200718,Del,,Mic
104177,200702,Eta,,Mic
104194,201251,,63,Cyg
104214,201091,,61,Cyg
104217,201092,,61,Cyg
104234,200914,,24,Cap
104365,201184,Chi,25,Cap
104382,177482,Sig,,Oct
104429,201301,,26,Cap
104452,201352,,27,Cap
104459,201381,Nu,13,Aqr
104521,201601,Gam,5,Equ
104538,201616,,6,Equ
104732,202109,Zet,64,Cyg
104755,201371,Omi,,Pav
104858,202275,Del,7,Equ
104887,202444,Tau,65,Cyg
104963,202320,Phi,28,Cap
104974,202369,,29,Cap
104987,202447,Alp,8,Equ
105019,202466,,14,Aqr
105102,202850,Sig,67,Cyg
105138,202904,Ups,66,Cyg
105140,202627,Eps,,Mic
105143,202671,,30,Cap
105164,202753,,15,Aqr
105168,202723,,31,Cap
105186,203064,,68,Cyg
105199,203280,Alp,5,Cep
105268,203467,,6,Cep
105319,202730,The,,Ind
105382,203006,The-1,,Mic
105412,203222,,16,Aqr
105413,203291,,9,Equ
105502,203504,,1,Peg
105515,203387,Iot,32,Cap
105570,203562,Bet,10,Equ
105574,203525,,17,Aqr
105665,203638,,33,Cap
105668,203705,,18,Aqr
105696,203585,The-2,,Mic
105729,203843,,20,Aqr
105761,203875,,19,Aqr
105767,203926,,21,Aqr
105811,204172,,69,Cyg
105841,203760,Gam,,Ind
105858,203608,Gam,,Pav
105881,204075,Zet,34,Cap
105928,204139,,35,Cap
105942,204403,,70,Cyg
105966,204414,,35,Vul
105972,204770,,7,Cep
106032,205021,Bet,8,Cep
106039,204381,,36,Cap
106067,204394,,5,PsA
106093,204771,,71,Cyg
106140,204724,,2,Peg
106278,204867,Bet,22,Aqr
106327,204783,Xi,,Gru
106340,204854,,6,PsA
106481,205435,Rho,73,Cyg
106551,205512,,72,Cyg
106559,205289,,37,Cap
106568,205306,,38,Cap
106654,205471,,8,PsA
106703,205529,,7,PsA
106711,205835,,74,Cyg
106723,205637,Eps,39,Cap
106781,205811,,3,Peg
106783,205811,,3,Peg
106786,205767,Xi,23,Aqr
106787,205852,,5,Peg
106801,206165,,9,Cep
106856,205924,,4,Peg
106942,206058,,24,Aqr
106944,206067,,25,Aqr
106985,206088,Gam,40,Cap
106999,206330,,75,Cyg
107089,205478,Nu,,Oct
107095,206301,,42,Cap
107097,206538,,76,Cyg
107119,206952,,11,Cep
107128,206356,,41,Cap
107136,206672,Pi-1,80,Cyg
107144,206445,,26,Aqr
107151,206487,,7,Peg
107162,206644,,77,Cyg
107188,206453,Kap,43,Cap
107232,206561,,44,Cap
107253,206774,,79,Cyg
107259,206936,Mu,,Cep
107302,206677,,45,Cap
107310,206826,Mu-1,78,Cyg
107315,206778,Eps,8,Peg
107348,206859,,9,Peg
107354,206901,Kap,10,Peg
107380,206742,Iot,9,PsA
107382,206834,,46,Cap
107418,207260,Nu,10,Cep
107472,207089,,12,Peg
107487,207005,,47,Cap
107517,207052,Lam,48,Cap
107527,207061,,50,Cap
107533,207330,Pi-2,81,Cyg
107556,207098,Del,49,Cap
107575,207203,,11,Peg
107586,207528,,12,Cep
107608,207155,The,10,PsA
107763,207650,,14,Peg
107788,207652,,13,Peg
107835,207241,Omi,,Ind
107843,206240,Lam,,Oct
107975,207978,,15,Peg
108022,208057,,16,Peg
108036,207958,Mu,51,Cap
108085,207971,Gam,,Gru
108165,208501,,13,Cep
108281,208149,Pi,,Ind
108339,208565,,17,Peg
108431,208450,Del,,Ind
108478,208496,Kap-1,,Ind
108535,209369,,16,Cep
108571,208851,,11,PsA
108612,209008,,18,Peg
108661,209014,Eta,12,PsA
108691,209128,,28,Aqr
108693,209166,,20,Peg
108699,209167,,19,Peg
108772,209481,,14,Cep
108797,209278,,29,Aqr
108868,209396,,30,Aqr
108870,209100,Eps,,Ind
108874,209409,Omi,31,Aqr
108875,209459,,21,Peg
108917,209790,Xi,17,Cep
108924,209772,,18,Cep
108925,209744,,15,Cep
108952,209476,,13,PsA
108991,209625,,32,Aqr
109005,209960,,20,Cep
109017,209975,,19,Cep
109056,209833,,23,Peg
109068,209747,Nu,22,Peg
109074,209750,Alp,34,Aqr
109081,209529,Kap-2,,Ind
109111,209688,Lam,,Gru
109139,209819,Iot,33,Aqr
109176,210027,Iot,24,Peg
109240,210129,,25,Peg
109268,209952,Alp,,Gru
109285,210049,Mu,14,PsA
109289,210066,Ups,,PsA
109332,210191,,35,Aqr
109352,210354,Pi-1,27,Peg
109400,210807,,24,Cep
109410,210459,Pi-2,29,Peg
109422,210302,Tau,15,PsA
109427,210418,The,26,Peg
109458,210516,,28,Peg
109460,210422,,37,Aqr
109472,210424,,38,Aqr
109492,210745,Zet,21,Cep
109556,210839,Lam,22,Cep
109624,210705,,39,Aqr
109720,210845,,40,Aqr
109786,210960,,41,Aqr
109789,210934,Lam,16,PsA
109857,211336,Eps,23,Cep
109908,211088,Mu-1,,Gru
109937,211388,,1,Lac
109973,211202,Mu-2,,Gru
110000,211361,,42,Aqr
110003,211391,The,43,Aqr
110023,211434,,44,Aqr
110078,210853,Psi,,Oct
110103,211833,,25,Cep
110130,211416,Alp,,Tuc
110179,211676,,45,Aqr
110256,210967,Eps,,Oct
110273,211838,Rho,46,Aqr
110298,211924,,30,Peg
110351,212120,,2,Lac
110371,212097,,32,Peg
110386,212076,,31,Peg
110391,212010,,47,Aqr
110395,212061,Gam,48,Aqr
110478,212087,Pi-1,,Gru
110506,212132,Pi-2,,Gru
110529,212271,,49,Aqr
110538,212496,Bet,3,Lac
110548,212395,,33,Peg
110578,212404,,51,Aqr
110602,212430,,50,Aqr
110609,212593,,4,Lac
110618,211998,Nu,,Ind
110672,212571,Pi,52,Aqr
110778,212697,,53,Aqr
110785,212754,,34,Peg
110786,212741,,54,Aqr
110787,213403,Rho-1,28,Cep
110817,213087,,26,Cep
110838,212581,Del,,Tuc
110882,212943,,35,Peg
110936,212953,Nu,,Gru
110960,213051,Zet-1,55,Aqr
110986,213119,,36,Peg
110991,213306,Del,27,Cep
110997,213009,Del-1,,Gru
111022,213310,,5,Lac
111043,213080,Del-2,,Gru
111056,213798,Rho-2,29,Cep
111062,213235,,37,Peg
111068,213323,,38,Peg
111086,213236,,56,Aqr
111104,213420,,6,Lac
111123,213320,Sig,57,Aqr
111138,213296,Zet,,PsA
111169,213558,Alp,7,Lac
111188,213398,Bet,17,PsA
111196,211539,Ups,,Oct
111200,213464,,58,Aqr
111278,213617,,39,Peg
111310,213442,Nu,,Tuc
111394,213789,,60,Aqr
111449,213845,Ups,59,Aqr
111497,213998,Eta,62,Aqr
111532,214470,,31,Cep
111539,214028,,61,Aqr
111544,214168,,8,Lac
111594,214085,Sig-1,,Gru
111643,214150,Sig-2,,Gru
111674,214454,,9,Lac
111710,214376,Kap,63,Aqr
111797,214734,,30,Cep
111810,214567,,40,Peg
111841,214680,,10,Lac
111843,214572,,64,Aqr
111884,214698,,41,Peg
111944,214868,,11,Lac
111954,214748,Eps,18,PsA
112029,214923,Zet,42,Peg
112031,214993,,12,Lac
112051,214994,Omi,43,Peg
112102,214966,,19,PsA
112122,214952,Bet,,Gru
112158,215182,Eta,44,Peg
112161,215097,,65,Aqr
112179,215143,,67,Aqr
112203,215104,Rho,,Gru
112211,215167,,66,Aqr
112242,215373,,13,Lac
112358,215510,,45,Peg
112362,215452,,20,PsA
112374,215369,Eta,,Gru
112405,214846,Bet,,Oct
112440,215665,Lam,47,Peg
112447,215648,Xi,46,Peg
112529,215721,,68,Aqr
112542,215766,Tau-1,69,Aqr
112615,215874,,70,Aqr
112623,215789,Eps,,Gru
112716,216032,Tau-2,71,Aqr
112724,216228,Iot,32,Cep
112748,216131,Mu,48,Peg
112778,216200,,14,Lac
112781,215573,Xi,,Oct
112813,216182,,72,Aqr
112862,216210,,21,PsA
112917,216397,,15,Lac
112935,216385,Sig,49,Peg
112948,216336,Gam,22,PsA
112961,216386,Lam,73,Aqr
113031,216494,,74,Aqr
113044,216435,Tau-1,,Gru
113085,216567,,75,Aqr
113127,216637,,78,Aqr
113136,216627,Del,76,Aqr
113137,216437,Rho,,Ind
113148,216640,,77,Aqr
113167,216701,,1,Psc
113186,216735,Rho,50,Peg
113246,216763,Del,23,PsA
113281,216916,,16,Lac
113307,216823,Tau-3,,Gru
113357,217014,,51,Peg
113368,216956,Alp,24,PsA
113503,217232,,52,Peg
113521,217264,,2,Psc
113610,217428,,3,Psc
113638,217364,Zet,,Gru
113674,217531,,81,Aqr
113726,217675,Omi,1,And
113781,217701,,82,Aqr
113788,217782,,2,And
113860,217792,Pi,,PsA
113881,217906,Bet,53,Peg
113889,217891,Bet,4,Psc
113919,218031,,3,And
113957,217902,Kap,,Gru
113963,218045,Alp,54,Peg
113996,218060,,83,Aqr
114006,218081,,84,Aqr
114054,218173,,85,Aqr
114104,218376,,1,Cas
114119,218240,,86,Aqr
114131,218227,The,,Gru
114132,218242,Ups,,Gru
114144,218329,,55,Peg
114155,218356,,56,Peg
114164,218331,,87,Aqr
114200,218452,,4,And
114210,218470,,5,And
114222,218658,Pi,33,Cep
114273,218527,,5,Psc
114341,218594,,88,Aqr
114347,218634,,57,Peg
114365,218753,,2,Cas
114375,218640,,89,Aqr
114389,218700,,58,Peg
114421,218670,Iot,,Gru
114430,218804,,6,And
114520,218918,,59,Peg
114526,218935,,60,Peg
114570,219080,,7,And
114724,219215,Phi,90,Aqr
114844,219477,,61,Peg
114855,219449,Psi-1,91,Aqr
114939,219576,Chi,92,Aqr
114971,219615,Gam,6,Psc
114996,219571,Gam,,Tuc
115022,219734,,8,And
115033,219688,Psi-2,93,Aqr
115054,219693,Phi,,Gru
115065,219815,,9,And
115088,219916,Omi,34,Cep
115102,219784,Gam,,Scl
115115,219832,Psi-3,95,Aqr
115126,219834,,94,Aqr
115142,219877,,96,Aqr
115152,219945,,11,And
115191,219981,,10,And
115227,220009,,7,Psc
115250,220061,Tau,62,Peg
115271,220088,,63,Peg
115280,220117,,12,And
115355,220222,,64,Peg
115404,220278,,97,Aqr
115407,220318,,65,Peg
115438,220321,,98,Aqr
115444,220363,,66,Peg
115590,220652,,4,Cas
115591,220599,,67,Peg
115623,220657,Ups,68,Peg
115669,220704,,99,Aqr
115713,220729,Omi,,Gru
115738,220825,Kap,8,Psc
115755,220885,,13,And
115768,220858,,9,Psc
115806,220933,,69,Peg
115830,220954,The,10,Psc
115836,219765,Tau,,Oct
115919,221115,,70,Peg
115945,221147,,11,Psc
115951,221146,,12,Psc
116076,221345,,14,And
116118,221357,,100,Aqr
116146,221409,,13,Psc
116231,221507,Bet,,Scl
116247,221565,,101,Aqr
116264,221615,,71,Peg
116310,221673,,72,Peg
116323,221675,,14,Psc
116354,221756,,15,And
116355,221758,,73,Peg
116389,221760,Iot,,Phe
116422,221833,,15,Psc
116495,221950,,16,Psc
116584,222107,Lam,16,And
116592,222098,,74,Peg
116611,222133,,75,Peg
116631,222173,Iot,17,And
116709,222304,,18,And
116727,222404,Gam,35,Cep
116737,222287,The,,Phe
116758,222345,Ome-1,102,Aqr
116771,222368,Iot,17,Psc
116805,222439,Kap,19,And
116820,222433,Mu,,Scl
116889,222547,,103,Aqr
116901,222574,,104,Aqr
116928,222603,Lam,18,Psc
116971,222661,Ome-2,105,Aqr
116972,222683,,76,Peg
117020,222764,,77,Peg
117073,222842,,78,Peg
117089,222847,,106,Aqr
117218,223024,,107,Aqr
117221,223047,Psi,20,And
117245,223075,,19,Psc
117301,223165,Tau,5,Cas
117315,223145,Sig,,Phe
117375,223252,,20,Psc
117447,223385,,6,Cas
117452,223352,Del,,Scl
117491,223438,,21,Psc
117500,223461,,79,Peg
117628,223637,,80,Peg
117629,223640,,108,Aqr
117683,223719,,22,Psc
117689,223647,Gam-1,,Oct
117718,223768,Phi,81,Peg
117730,223781,,82,Peg
117735,223792,,83,Peg
117761,223825,,24,Psc
117774,223855,,25,Psc
117863,224014,Rho,7,Cas
117927,224103,,26,Psc
118114,224362,Gam-2,,Oct
118121,224392,Eta,,Tuc
118131,224427,Psi,84,Peg
118178,224481,,1,Cet
118209,224533,,27,Psc
118234,224554,Pi,,Phe
118243,224572,Sig,8,Cas
118268,224617,Ome,28,Psc
118322,224686,Eps,,Tuc
